id,company_id/id,currency_id/id,tag_ids/id,name,code,account_type,reconcile,create_asset,deprecated,opening_credit,opening_debit,opening_balance
marin.account_101_01_001_lmmr,marin.company_lmmr,,l10n_mx.tag_debit_balance_account,Cash main,101.01.001,Bank and Cash,,No,,,,
marin.account_101_01_003_lmmr,marin.company_lmmr,base.USD,l10n_mx.tag_debit_balance_account,Cash USD,101.01.003,Bank and Cash,,No,,,,
marin.account_101_01_005_lmmr,marin.company_lmmr,,l10n_mx.tag_debit_balance_account,Cash BAL,101.01.005,Bank and Cash,,No,,,,
marin.account_101_01_007_lmmr,marin.company_lmmr,,l10n_mx.tag_debit_balance_account,Cash SJN,101.01.007,Bank and Cash,,No,,,,
marin.account_102_01_000_lmmr,marin.company_lmmr,,l10n_mx.tag_debit_balance_account,Bank suspense account,102.01.000,Current Assets,,No,,,,
marin.account_102_01_001_lmmr,marin.company_lmmr,,l10n_mx.tag_debit_balance_account,Bank BBVA 0194254961,102.01.001,Bank and Cash,,No,,,,
marin.account_102_01_002_lmmr,marin.company_lmmr,,l10n_mx.tag_debit_balance_account,Bank Banorte 0313328770,102.01.002,Bank and Cash,,No,,,,
marin.account_102_01_003_lmmr,marin.company_lmmr,,l10n_mx.tag_debit_balance_account,Bank Efectivale - Expenses,102.01.003,Bank and Cash,,No,,,,
marin.account_102_01_004_lmmr,marin.company_lmmr,,l10n_mx.tag_debit_balance_account,Bank BanBajio 0038383478,102.01.004,Bank and Cash,,No,,,,
marin.account_102_01_020_lmmr,marin.company_lmmr,,l10n_mx.tag_debit_balance_account,Bank BBVA meta segura,102.01.020,Bank and Cash,,No,,,,
marin.account_102_01_111_lmmr,marin.company_lmmr,,l10n_mx.tag_debit_balance_account,Liquidity transfer,102.01.111,Current Assets,True,No,,,,
marin.account_102_01_112_lmmr,marin.company_lmmr,,l10n_mx.tag_debit_balance_account,Balance transfer between clients,102.01.112,Current Assets,True,No,,,,
marin.account_105_01_001_lmmr,marin.company_lmmr,,l10n_mx.tag_debit_balance_account,Domestic customers FF,105.01.001,Receivable,True,No,,,,
marin.account_105_01_002_lmmr,marin.company_lmmr,,l10n_mx.tag_debit_balance_account,Domestic customers NF,105.01.002,Receivable,True,No,,,,
marin.account_107_01_001_lmmr,marin.company_lmmr,,l10n_mx.tag_credit_balance_account,Officers and employees FF,107.01.001,Payable,True,No,,,,
marin.account_107_01_002_lmmr,marin.company_lmmr,,l10n_mx.tag_credit_balance_account,Officers and employees NF,107.01.002,Payable,True,No,,,,
marin.account_113_01_001_lmmr,marin.company_lmmr,,l10n_mx.tag_debit_balance_account,VAT in favor,113.01.001,Current Assets,,No,,,,
marin.account_113_02_001_lmmr,marin.company_lmmr,,l10n_mx.tag_debit_balance_account,Income tax (ISR) in favor,113.02.001,Current Assets,,No,,,,
marin.account_113_06_001_lmmr,marin.company_lmmr,,l10n_mx.tag_debit_balance_account,Employment subsidy actually delivered,113.06.001,Current Assets,,No,,,,
marin.account_113_08_001_lmmr,marin.company_lmmr,,l10n_mx.tag_debit_balance_account,Other taxes in favor,113.08.001,Current Assets,,No,,,,
marin.account_114_01_001_lmmr,marin.company_lmmr,,l10n_mx.tag_debit_balance_account,Provisional income tax (ISR) payments,114.01.001,Current Assets,,No,,,,
marin.account_115_01_001_lmmr,marin.company_lmmr,,l10n_mx.tag_debit_balance_account,Inventory FF,115.01.001,Current Assets,,No,,,,
marin.account_115_01_002_lmmr,marin.company_lmmr,,l10n_mx.tag_debit_balance_account,Inventory NF,115.01.002,Current Assets,,No,,,,
marin.account_118_01_001_lmmr,marin.company_lmmr,,l10n_mx.tag_debit_balance_account,Paid VAT creditable,118.01.001,Current Assets,,No,,,,
marin.account_118_03_001_lmmr,marin.company_lmmr,,l10n_mx.tag_debit_balance_account,Paid IEPS creditable,118.03.001,Current Assets,,No,,,,
marin.account_119_01_001_lmmr,marin.company_lmmr,,l10n_mx.tag_debit_balance_account,Unpaid VAT creditable,119.01.001,Current Assets,True,No,,,,
marin.account_119_01_002_lmmr,marin.company_lmmr,,l10n_mx.tag_credit_balance_account,Non-deductible unpaid VAT,119.01.002,Current Liabilities,True,No,,,,
marin.account_119_03_001_lmmr,marin.company_lmmr,,l10n_mx.tag_debit_balance_account,Unpaid IEPS creditable,119.03.001,Current Assets,True,No,,,,
marin.account_120_01_001_lmmr,marin.company_lmmr,,l10n_mx.tag_debit_balance_account,Suppliers advances FF,120.01.001,Prepayments,True,No,,,,
marin.account_120_01_002_lmmr,marin.company_lmmr,,l10n_mx.tag_debit_balance_account,Suppliers advances NF,120.01.002,Prepayments,True,No,,,,
marin.account_151_01_001_lmmr,marin.company_lmmr,,l10n_mx.tag_debit_balance_account,Lands FF,151.01.001,Fixed Assets,,Create in draft,,,,
marin.account_151_01_002_lmmr,marin.company_lmmr,,l10n_mx.tag_debit_balance_account,Lands NF,151.01.002,Fixed Assets,,Create in draft,,,,
marin.account_153_01_001_lmmr,marin.company_lmmr,,l10n_mx.tag_debit_balance_account,Machinery and equipment FF,153.01.001,Fixed Assets,,Create in draft,,,,
marin.account_153_01_002_lmmr,marin.company_lmmr,,l10n_mx.tag_debit_balance_account,Machinery and equipment NF,153.01.002,Fixed Assets,,Create in draft,,,,
marin.account_154_01_001_lmmr,marin.company_lmmr,,l10n_mx.tag_debit_balance_account,"Automobiles, trucks, forklifts and trailers FF",154.01.001,Fixed Assets,,Create in draft,,,,
marin.account_154_01_002_lmmr,marin.company_lmmr,,l10n_mx.tag_debit_balance_account,"Automobiles, trucks, forklifts and trailers NF",154.01.002,Fixed Assets,,Create in draft,,,,
marin.account_155_01_001_lmmr,marin.company_lmmr,,l10n_mx.tag_debit_balance_account,Furniture and office equipment FF,155.01.001,Fixed Assets,,Create in draft,,,,
marin.account_155_01_002_lmmr,marin.company_lmmr,,l10n_mx.tag_debit_balance_account,Furniture and office equipment NF,155.01.002,Fixed Assets,,Create in draft,,,,
marin.account_156_01_001_lmmr,marin.company_lmmr,,l10n_mx.tag_debit_balance_account,Computing equipment FF,156.01.001,Fixed Assets,,Create in draft,,,,
marin.account_160_01_001_lmmr,marin.company_lmmr,,l10n_mx.tag_debit_balance_account,Other fixed assets FF,160.01.001,Fixed Assets,,Create in draft,,,,
marin.account_165_01_001_lmmr,marin.company_lmmr,,l10n_mx.tag_debit_balance_account,Communications equipment FF,165.01.001,Fixed Assets,,Create in draft,,,,
marin.account_165_01_002_lmmr,marin.company_lmmr,,l10n_mx.tag_debit_balance_account,Communications equipment NF,165.01.002,Fixed Assets,,Create in draft,,,,
marin.account_179_01_001_lmmr,marin.company_lmmr,,l10n_mx.tag_debit_balance_account,Brands and patents FF,179.01.001,Fixed Assets,,Create in draft,,,,
marin.account_201_01_001_lmmr,marin.company_lmmr,,l10n_mx.tag_credit_balance_account,Domestic suppliers FF,201.01.001,Payable,True,No,,,,
marin.account_201_01_002_lmmr,marin.company_lmmr,,l10n_mx.tag_credit_balance_account,Domestic suppliers NF,201.01.002,Payable,True,No,,,,
marin.account_201_02_001_lmmr,marin.company_lmmr,,l10n_mx.tag_credit_balance_account,Foreign suppliers FF,201.02.001,Payable,True,No,,,,
marin.account_202_03_001_lmmr,marin.company_lmmr,,l10n_mx.tag_credit_balance_account,Payments done by thirth party in name of the company FF,202.03.001,Current Liabilities,True,No,,,,
marin.account_202_03_002_lmmr,marin.company_lmmr,,l10n_mx.tag_credit_balance_account,Bank BBVA CC 4406,202.03.002,Credit Card,,No,,,,
marin.account_202_03_003_lmmr,marin.company_lmmr,,l10n_mx.tag_credit_balance_account,Bank BBVA revolving business credit,202.03.003,Credit Card,,No,,,,
marin.account_202_03_004_lmmr,marin.company_lmmr,,l10n_mx.tag_credit_balance_account,Bank BBVA TN 5064,202.03.004,Credit Card,,No,,,,
marin.account_202_03_005_lmmr,marin.company_lmmr,,l10n_mx.tag_credit_balance_account,Bank BBVA 1007025823,202.03.005,Credit Card,,No,,,,
marin.account_202_03_006_lmmr,marin.company_lmmr,,l10n_mx.tag_credit_balance_account,Bank American Express Gold,202.03.006,Credit Card,,No,,,,
marin.account_202_03_007_lmmr,marin.company_lmmr,,l10n_mx.tag_credit_balance_account,Bank American Express Platinum,202.03.007,Credit Card,,No,,,,
marin.account_202_03_099_lmmr,marin.company_lmmr,,l10n_mx.tag_credit_balance_account,Returned bank transactions,202.03.099,Current Liabilities,True,No,,,,
marin.account_206_01_001_lmmr,marin.company_lmmr,,l10n_mx.tag_credit_balance_account,Customer advance FF,206.01.001,Current Liabilities,True,No,,,,
marin.account_208_01_001_lmmr,marin.company_lmmr,,l10n_mx.tag_credit_balance_account,Collected transfered VAT,208.01.001,Current Liabilities,,No,,,,
marin.account_208_02_001_lmmr,marin.company_lmmr,,l10n_mx.tag_credit_balance_account,Collected transfered IEPS,208.02.001,Current Liabilities,,No,,,,
marin.account_209_01_001_lmmr,marin.company_lmmr,,l10n_mx.tag_credit_balance_account,Uncollected transfered VAT,209.01.001,Current Liabilities,True,No,,,,
marin.account_209_02_001_lmmr,marin.company_lmmr,,l10n_mx.tag_credit_balance_account,Uncollected transfered IEPS,209.02.001,Current Liabilities,True,No,,,,
marin.account_210_01_001_lmmr,marin.company_lmmr,,l10n_mx.tag_credit_balance_account,Provision for wages and salaries payable,210.01.001,Current Liabilities,True,No,,,,
marin.account_213_01_001_lmmr,marin.company_lmmr,,l10n_mx.tag_credit_balance_account,VAT payable,213.01.001,Current Liabilities,,No,,,,
marin.account_213_03_001_lmmr,marin.company_lmmr,,l10n_mx.tag_credit_balance_account,Income tax (ISR) payable,213.03.001,Current Liabilities,,No,,,,
marin.account_213_05_001_lmmr,marin.company_lmmr,,l10n_mx.tag_credit_balance_account,State and municipal taxes payable,213.05.001,Current Liabilities,,No,,,,
marin.account_216_01_001_lmmr,marin.company_lmmr,,l10n_mx.tag_credit_balance_account,Income tax (ISR) withholdings from wages and salaries,216.01.001,Current Liabilities,True,No,,,,
marin.account_216_03_001_lmmr,marin.company_lmmr,,l10n_mx.tag_credit_balance_account,Income tax (ISR) withholdings from leasing,216.03.001,Current Liabilities,,No,,,,
marin.account_216_03_002_lmmr,marin.company_lmmr,,l10n_mx.tag_credit_balance_account,Uncollected Income tax (ISR) withholdings from leasing,216.03.002,Current Liabilities,True,No,,,,
marin.account_216_10_002_lmmr,marin.company_lmmr,,l10n_mx.tag_credit_balance_account,VAT retentions from leasing,216.10.002,Current Liabilities,,No,,,,
marin.account_216_10_010_lmmr,marin.company_lmmr,,l10n_mx.tag_credit_balance_account,VAT retentions,216.10.010,Current Liabilities,,No,,,,
marin.account_216_10_020_lmmr,marin.company_lmmr,,l10n_mx.tag_credit_balance_account,VAT retentions actually paid,216.10.020,Current Liabilities,,No,,,,
marin.account_216_11_001_lmmr,marin.company_lmmr,,l10n_mx.tag_credit_balance_account,IMSS withholdings from employees FF,216.11.001,Current Liabilities,,No,,,,
marin.account_252_07_001_lmmr,marin.company_lmmr,,l10n_mx.tag_credit_balance_account,Long-term national mortgages payable,252.07.001,Non-current Liabilities,True,No,,,,
marin.account_302_01_001_lmmr,marin.company_lmmr,,l10n_mx.tag_credit_balance_account,Equity FF,302.01.001,Equity,,No,,,,
marin.account_302_01_002_lmmr,marin.company_lmmr,,l10n_mx.tag_credit_balance_account,Equity NF,302.01.002,Equity,,No,,,,
marin.account_304_01_001_lmmr,marin.company_lmmr,,l10n_mx.tag_credit_balance_account,Profit from prior periods FF,304.01.001,Equity,,No,,,,
marin.account_304_01_002_lmmr,marin.company_lmmr,,l10n_mx.tag_credit_balance_account,Profit from prior periods NF,304.01.002,Equity,,No,,,,
marin.account_304_02_001_lmmr,marin.company_lmmr,,l10n_mx.tag_credit_balance_account,Loss from prior periods FF,304.02.001,Equity,,No,,,,
marin.account_304_02_002_lmmr,marin.company_lmmr,,l10n_mx.tag_credit_balance_account,Loss from prior periods NF,304.02.002,Equity,,No,,,,
marin.account_305_01_001_lmmr,marin.company_lmmr,,l10n_mx.tag_credit_balance_account,Net income FF,305.01.001,Equity,,No,,,,
marin.account_305_01_002_lmmr,marin.company_lmmr,,l10n_mx.tag_credit_balance_account,Net income NF,305.01.002,Equity,,No,,,,
marin.account_305_02_001_lmmr,marin.company_lmmr,,l10n_mx.tag_credit_balance_account,Net loss FF,305.02.001,Equity,,No,,,,
marin.account_305_02_002_lmmr,marin.company_lmmr,,l10n_mx.tag_credit_balance_account,Net loss NF,305.02.002,Equity,,No,,,,
marin.account_401_01_001_lmmr,marin.company_lmmr,,l10n_mx.tag_credit_balance_account,Sales 16% FF,401.01.001,Income,,No,,,,
marin.account_401_04_001_lmmr,marin.company_lmmr,,l10n_mx.tag_credit_balance_account,Sales 0% FF,401.04.001,Income,,No,,,,
marin.account_401_04_002_lmmr,marin.company_lmmr,,l10n_mx.tag_credit_balance_account,Sales 0% NF,401.04.002,Income,,No,,,,
marin.account_401_04_003_lmmr,marin.company_lmmr,,l10n_mx.tag_credit_balance_account,Sales 0% FX - Discounts on sales NF due payment in FX,401.04.003,Income,,No,,,,
marin.account_401_04_004_lmmr,marin.company_lmmr,,l10n_mx.tag_credit_balance_account,Sales 0% FX - Discounts on sales NF LMMG,401.04.004,Income,,No,True,,,
marin.account_401_04_005_lmmr,marin.company_lmmr,,l10n_mx.tag_credit_balance_account,Sales 0% FX - Self cash trade --> self bank,401.04.005,Income,,No,,,,
marin.account_401_04_006_lmmr,marin.company_lmmr,,l10n_mx.tag_credit_balance_account,Sales 0% FX - Multi company cash trade --> self bank,401.04.006,Income,,No,,,,
marin.account_401_04_007_lmmr,marin.company_lmmr,,l10n_mx.tag_credit_balance_account,Sales 0% FX - self bank trade --> self cash to thirth parties,401.04.007,Income,,No,,,,
marin.account_401_04_008_lmmr,marin.company_lmmr,,l10n_mx.tag_credit_balance_account,Sales 0% FX - self bank trade --> multi company cash to thirth parties,401.04.008,Income,,No,,,,
marin.account_401_04_009_lmmr,marin.company_lmmr,,l10n_mx.tag_credit_balance_account,Sales 0% FX - Bank trade LMMG --> bank LMMR,401.04.009,Income,,No,,,,
marin.account_401_04_012_lmmr,marin.company_lmmr,,l10n_mx.tag_credit_balance_account,Sales 0% FX - Bank trade GLMM --> bank LMMR,401.04.012,Income,,No,,,,
marin.account_401_04_013_lmmr,marin.company_lmmr,,l10n_mx.tag_credit_balance_account,Sales 0% FX - without invoice without discount over sales NF,401.04.013,Income,,No,,,,
marin.account_401_04_014_lmmr,marin.company_lmmr,,l10n_mx.tag_credit_balance_account,Sales 0% FX - without invoice with discount over sales NF,401.04.014,Income,,No,,,,
marin.account_401_04_015_lmmr,marin.company_lmmr,,l10n_mx.tag_credit_balance_account,Sales 0% FX - with invoice without discount on sales NF,401.04.015,Income,,No,,,,
marin.account_401_04_016_lmmr,marin.company_lmmr,,l10n_mx.tag_credit_balance_account,Sales 0% NFX,401.04.016,Income,,No,,,,
marin.account_401_04_017_lmmr,marin.company_lmmr,,l10n_mx.tag_debit_balance_account,Sales NF discounts for payment in kind,401.04.017,Cost of Revenue,,No,,,,
marin.account_401_04_018_lmmr,marin.company_lmmr,,l10n_mx.tag_debit_balance_account,Sales NF discounts for payment in FX multi company,401.04.018,Cost of Revenue,,No,,,,
marin.account_401_22_001_lmmr,marin.company_lmmr,,l10n_mx.tag_credit_balance_account,Rental income FF,401.22.001,Income,,No,,,,
marin.account_401_22_002_lmmr,marin.company_lmmr,,l10n_mx.tag_credit_balance_account,Rental income NF,401.22.002,Income,,No,,,,
marin.account_501_01_001_lmmr,marin.company_lmmr,,l10n_mx.tag_debit_balance_account,Cost of sales FF,501.01.001,Cost of Revenue,,No,,,,
marin.account_501_01_002_lmmr,marin.company_lmmr,,l10n_mx.tag_debit_balance_account,Cost of sales NF,501.01.002,Cost of Revenue,,No,,,,
marin.account_501_01_003_lmmr,marin.company_lmmr,,l10n_mx.tag_debit_balance_account,Cost of sales FX,501.01.003,Cost of Revenue,,No,,,,
marin.account_503_01_005_lmmr,marin.company_lmmr,,l10n_mx.tag_credit_balance_account,Purchase discounts for payment in kind NF,503.01.005,Other Income,,No,,,,
marin.account_503_01_007_lmmr,marin.company_lmmr,,l10n_mx.tag_credit_balance_account,Purchase discounts due payment in LMMG,503.01.007,Other Income,,No,,,,
marin.account_504_08_001_lmmr,marin.company_lmmr,,l10n_mx.tag_debit_balance_account,Machinery and equipment depreciation FF,504.08.001,Depreciation,,No,,,,
marin.account_504_08_002_lmmr,marin.company_lmmr,,l10n_mx.tag_debit_balance_account,Machinery and equipment depreciation NF,504.08.002,Depreciation,,No,,,,
marin.account_504_09_001_lmmr,marin.company_lmmr,,l10n_mx.tag_debit_balance_account,"Automobiles, buses and trucks depreciation FF",504.09.001,Depreciation,,No,,,,
marin.account_504_09_002_lmmr,marin.company_lmmr,,l10n_mx.tag_debit_balance_account,"Automobiles, buses and trucks depreciation NF",504.09.002,Depreciation,,No,,,,
marin.account_504_10_001_lmmr,marin.company_lmmr,,l10n_mx.tag_debit_balance_account,Furniture and office equipment depreciation FF,504.10.001,Depreciation,,No,,,,
marin.account_504_10_002_lmmr,marin.company_lmmr,,l10n_mx.tag_debit_balance_account,Furniture and office equipment depreciation NF,504.10.002,Depreciation,,No,,,,
marin.account_504_11_001_lmmr,marin.company_lmmr,,l10n_mx.tag_debit_balance_account,Computing equipment depreciation FF,504.11.001,Depreciation,,No,,,,
marin.account_504_12_001_lmmr,marin.company_lmmr,,l10n_mx.tag_debit_balance_account,Communications equipment depreciation FF,504.12.001,Depreciation,,No,,,,
marin.account_504_14_001_lmmr,marin.company_lmmr,,l10n_mx.tag_debit_balance_account,Land depreciation FF,504.14.001,Depreciation,,No,,,,
marin.account_504_14_002_lmmr,marin.company_lmmr,,l10n_mx.tag_debit_balance_account,Land depreciation NF,504.14.002,Depreciation,,No,,,,
marin.account_601_01_001_lmmr,marin.company_lmmr,,l10n_mx.tag_debit_balance_account,Wages and salaries FF,601.01.001,Expenses,,No,,,,
marin.account_601_01_002_lmmr,marin.company_lmmr,,l10n_mx.tag_debit_balance_account,Wages and salaries NF,601.01.002,Expenses,,No,,,,
marin.account_601_06_001_lmmr,marin.company_lmmr,,l10n_mx.tag_debit_balance_account,Vacations FF,601.06.001,Expenses,,No,,,,
marin.account_601_06_002_lmmr,marin.company_lmmr,,l10n_mx.tag_debit_balance_account,Vacations NF,601.06.002,Expenses,,No,,,,
marin.account_601_07_001_lmmr,marin.company_lmmr,,l10n_mx.tag_debit_balance_account,Vacation bonus FF,601.07.001,Expenses,,No,,,,
marin.account_601_07_002_lmmr,marin.company_lmmr,,l10n_mx.tag_debit_balance_account,Vacation bonus NF,601.07.002,Expenses,,No,,,,
marin.account_601_12_001_lmmr,marin.company_lmmr,,l10n_mx.tag_debit_balance_account,Christmas bonus FF,601.12.001,Expenses,,No,,,,
marin.account_601_12_002_lmmr,marin.company_lmmr,,l10n_mx.tag_debit_balance_account,Christmas bonus NF,601.12.002,Expenses,,No,,,,
marin.account_601_15_001_lmmr,marin.company_lmmr,,l10n_mx.tag_debit_balance_account,Personal pantry FF,601.15.001,Expenses,,No,,,,
marin.account_601_15_002_lmmr,marin.company_lmmr,,l10n_mx.tag_debit_balance_account,Personal pantry NF,601.15.002,Expenses,,No,,,,
marin.account_601_16_001_lmmr,marin.company_lmmr,,l10n_mx.tag_debit_balance_account,Transportation FF,601.16.001,Expenses,,No,,,,
marin.account_601_16_002_lmmr,marin.company_lmmr,,l10n_mx.tag_debit_balance_account,Transportation NF,601.16.002,Expenses,,No,,,,
marin.account_601_17_001_lmmr,marin.company_lmmr,,l10n_mx.tag_debit_balance_account,Medical services FF,601.17.001,Expenses,,No,,,,
marin.account_601_17_002_lmmr,marin.company_lmmr,,l10n_mx.tag_debit_balance_account,Medical services NF,601.17.002,Expenses,,No,,,,
marin.account_601_26_001_lmmr,marin.company_lmmr,,l10n_mx.tag_debit_balance_account,Employer's social security contributions FF,601.26.001,Expenses,,No,,,,
marin.account_601_34_001_lmmr,marin.company_lmmr,,l10n_mx.tag_debit_balance_account,Fees to individuals FF,601.34.001,Expenses,,No,,,,
marin.account_601_34_002_lmmr,marin.company_lmmr,,l10n_mx.tag_debit_balance_account,Fees to individuals NF,601.34.002,Expenses,,No,,,,
marin.account_601_38_001_lmmr,marin.company_lmmr,,l10n_mx.tag_debit_balance_account,Fees to legal entities FF,601.38.001,Expenses,,No,,,,
marin.account_601_38_002_lmmr,marin.company_lmmr,,l10n_mx.tag_debit_balance_account,Fees to legal entities NF,601.38.002,Expenses,,No,,,,
marin.account_601_48_001_lmmr,marin.company_lmmr,,l10n_mx.tag_debit_balance_account,Fuel and lubricants FF,601.48.001,Expenses,,No,,,,
marin.account_601_48_002_lmmr,marin.company_lmmr,,l10n_mx.tag_debit_balance_account,Fuel and lubricants NF,601.48.002,Expenses,,No,,,,
marin.account_601_49_001_lmmr,marin.company_lmmr,,l10n_mx.tag_debit_balance_account,Per diems and travel expenses FF,601.49.001,Expenses,,No,,,,
marin.account_601_49_002_lmmr,marin.company_lmmr,,l10n_mx.tag_debit_balance_account,Per diems and travel expenses NF,601.49.002,Expenses,,No,,,,
marin.account_601_50_001_lmmr,marin.company_lmmr,,l10n_mx.tag_debit_balance_account,"Telephone, internet FF",601.50.001,Expenses,,No,,,,
marin.account_601_50_002_lmmr,marin.company_lmmr,,l10n_mx.tag_debit_balance_account,"Telephone, internet NF",601.50.002,Expenses,,No,,,,
marin.account_601_51_001_lmmr,marin.company_lmmr,,l10n_mx.tag_debit_balance_account,Water FF,601.51.001,Expenses,,No,,,,
marin.account_601_51_002_lmmr,marin.company_lmmr,,l10n_mx.tag_debit_balance_account,Water NF,601.51.002,Expenses,,No,,,,
marin.account_601_52_001_lmmr,marin.company_lmmr,,l10n_mx.tag_debit_balance_account,Electric power FF,601.52.001,Expenses,,No,,,,
marin.account_601_52_002_lmmr,marin.company_lmmr,,l10n_mx.tag_debit_balance_account,Electric power NF,601.52.002,Expenses,,No,,,,
marin.account_601_54_001_lmmr,marin.company_lmmr,,l10n_mx.tag_debit_balance_account,Cleaning articles and expenses FF,601.54.001,Expenses,,No,,,,
marin.account_601_54_002_lmmr,marin.company_lmmr,,l10n_mx.tag_debit_balance_account,Cleaning articles and expenses NF,601.54.002,Expenses,,No,,,,
marin.account_601_56_001_lmmr,marin.company_lmmr,,l10n_mx.tag_debit_balance_account,Maintenance and conservation FF,601.56.001,Expenses,,No,,,,
marin.account_601_56_002_lmmr,marin.company_lmmr,,l10n_mx.tag_debit_balance_account,Maintenance and conservation NF,601.56.002,Expenses,,No,,,,
marin.account_601_57_001_lmmr,marin.company_lmmr,,l10n_mx.tag_debit_balance_account,Insurance and bonds FF,601.57.001,Expenses,,No,,,,
marin.account_601_58_001_lmmr,marin.company_lmmr,,l10n_mx.tag_debit_balance_account,Other taxes and duties FF,601.58.001,Expenses,,No,,,,
marin.account_601_58_002_lmmr,marin.company_lmmr,,l10n_mx.tag_debit_balance_account,Other taxes and duties NF,601.58.002,Expenses,,No,,,,
marin.account_601_63_001_lmmr,marin.company_lmmr,,l10n_mx.tag_debit_balance_account,Donations and aids FF,601.63.001,Expenses,,No,,,,
marin.account_601_63_002_lmmr,marin.company_lmmr,,l10n_mx.tag_debit_balance_account,Donations and aids NF,601.63.002,Expenses,,No,,,,
marin.account_601_78_001_lmmr,marin.company_lmmr,,l10n_mx.tag_debit_balance_account,Property taxes FF,601.78.001,Expenses,,No,,,,
marin.account_601_78_002_lmmr,marin.company_lmmr,,l10n_mx.tag_debit_balance_account,Property taxes NF,601.78.002,Expenses,,No,,,,
marin.account_601_80_001_lmmr,marin.company_lmmr,,l10n_mx.tag_debit_balance_account,Construction expenses FF,601.80.001,Expenses,,No,,,,
marin.account_601_80_002_lmmr,marin.company_lmmr,,l10n_mx.tag_debit_balance_account,Construction expenses NF,601.80.002,Expenses,,No,,,,
marin.account_601_83_001_lmmr,marin.company_lmmr,,l10n_mx.tag_debit_balance_account,Non-deductible expenses - personal,601.83.001,Expenses,,No,,,,
marin.account_601_83_008_lmmr,marin.company_lmmr,,l10n_mx.tag_debit_balance_account,Non-deductible expenses - Actualizaciones,601.83.008,Expenses,,No,,,,
marin.account_601_84_001_lmmr,marin.company_lmmr,,l10n_mx.tag_debit_balance_account,Other general expenses FF,601.84.001,Expenses,,No,,,,
marin.account_601_84_002_lmmr,marin.company_lmmr,,l10n_mx.tag_debit_balance_account,Other general expenses NF,601.84.002,Expenses,,No,,,,
marin.account_602_01_001_lmmr,marin.company_lmmr,,l10n_mx.tag_debit_balance_account,Wages and salaries FF,602.01.001,Expenses,,No,,,,
marin.account_602_01_002_lmmr,marin.company_lmmr,,l10n_mx.tag_debit_balance_account,Wages and salaries NF,602.01.002,Expenses,,No,,,,
marin.account_602_02_001_lmmr,marin.company_lmmr,,l10n_mx.tag_debit_balance_account,Compensations - Payments made in excess to the worker FF,602.02.001,Expenses,,No,,,,
marin.account_602_02_002_lmmr,marin.company_lmmr,,l10n_mx.tag_debit_balance_account,Compensations - Payments made in excess to the worker NF,602.02.002,Expenses,,No,,,,
marin.account_602_06_001_lmmr,marin.company_lmmr,,l10n_mx.tag_debit_balance_account,Vacations FF,602.06.001,Expenses,,No,,,,
marin.account_602_06_002_lmmr,marin.company_lmmr,,l10n_mx.tag_debit_balance_account,Vacations NF,602.06.002,Expenses,,No,,,,
marin.account_602_07_001_lmmr,marin.company_lmmr,,l10n_mx.tag_debit_balance_account,Vacation bonus FF,602.07.001,Expenses,,No,,,,
marin.account_602_07_002_lmmr,marin.company_lmmr,,l10n_mx.tag_debit_balance_account,Vacation bonus NF,602.07.002,Expenses,,No,,,,
marin.account_602_10_002_lmmr,marin.company_lmmr,,l10n_mx.tag_debit_balance_account,Gratifications NF,602.10.002,Expenses,,No,,,,
marin.account_602_12_001_lmmr,marin.company_lmmr,,l10n_mx.tag_debit_balance_account,Christmas bonus FF,602.12.001,Expenses,,No,,,,
marin.account_602_12_002_lmmr,marin.company_lmmr,,l10n_mx.tag_debit_balance_account,Christmas bonus NF,602.12.002,Expenses,,No,,,,
marin.account_602_15_001_lmmr,marin.company_lmmr,,l10n_mx.tag_debit_balance_account,Employee pantry FF,602.15.001,Expenses,,No,,,,
marin.account_602_15_002_lmmr,marin.company_lmmr,,l10n_mx.tag_debit_balance_account,Employee pantry NF,602.15.002,Expenses,,No,,,,
marin.account_602_16_001_lmmr,marin.company_lmmr,,l10n_mx.tag_debit_balance_account,Transportation FF,602.16.001,Expenses,,No,,,,
marin.account_602_16_002_lmmr,marin.company_lmmr,,l10n_mx.tag_debit_balance_account,Transportation NF,602.16.002,Expenses,,No,,,,
marin.account_602_17_002_lmmr,marin.company_lmmr,,l10n_mx.tag_debit_balance_account,Medical services NF,602.17.002,Expenses,,No,,,,
marin.account_602_19_002_lmmr,marin.company_lmmr,,l10n_mx.tag_debit_balance_account,Savings fund NF,602.19.002,Expenses,,No,,,,
marin.account_602_25_001_lmmr,marin.company_lmmr,,l10n_mx.tag_debit_balance_account,Other employee benefits FF,602.25.001,Expenses,,No,,,,
marin.account_602_25_002_lmmr,marin.company_lmmr,,l10n_mx.tag_debit_balance_account,Other employee benefits NF,602.25.002,Expenses,,No,,,,
marin.account_602_26_001_lmmr,marin.company_lmmr,,l10n_mx.tag_debit_balance_account,Employer's social security contributions FF,602.26.001,Expenses,,No,,,,
marin.account_602_26_002_lmmr,marin.company_lmmr,,l10n_mx.tag_debit_balance_account,Employer's social security contributions NF,602.26.002,Expenses,,No,,,,
marin.account_602_27_001_lmmr,marin.company_lmmr,,l10n_mx.tag_debit_balance_account,Contributions to INFONAVIT FF,602.27.001,Expenses,,No,,,,
marin.account_602_30_001_lmmr,marin.company_lmmr,,l10n_mx.tag_debit_balance_account,Other contributions FF,602.30.001,Expenses,,No,,,,
marin.account_602_34_001_lmmr,marin.company_lmmr,,l10n_mx.tag_debit_balance_account,Fees to individuals FF,602.34.001,Expenses,,No,,,,
marin.account_602_34_002_lmmr,marin.company_lmmr,,l10n_mx.tag_debit_balance_account,Fees to individuals NF,602.34.002,Expenses,,No,,,,
marin.account_602_38_001_lmmr,marin.company_lmmr,,l10n_mx.tag_debit_balance_account,Fees to legal entities FF,602.38.001,Expenses,,No,,,,
marin.account_602_38_002_lmmr,marin.company_lmmr,,l10n_mx.tag_debit_balance_account,Fees to legal entities NF,602.38.002,Expenses,,No,,,,
marin.account_602_45_001_lmmr,marin.company_lmmr,,l10n_mx.tag_debit_balance_account,Lease to individuals FF,602.45.001,Expenses,,No,,,,
marin.account_602_45_002_lmmr,marin.company_lmmr,,l10n_mx.tag_debit_balance_account,Lease to individuals NF,602.45.002,Expenses,,No,,,,
marin.account_602_46_001_lmmr,marin.company_lmmr,,l10n_mx.tag_debit_balance_account,Lease to legal entities FF,602.46.001,Expenses,,No,,,,
marin.account_602_46_002_lmmr,marin.company_lmmr,,l10n_mx.tag_debit_balance_account,Lease to legal entities NF,602.46.002,Expenses,,No,,,,
marin.account_602_48_001_lmmr,marin.company_lmmr,,l10n_mx.tag_debit_balance_account,Fuel and lubricants FF,602.48.001,Expenses,,No,,,,
marin.account_602_48_002_lmmr,marin.company_lmmr,,l10n_mx.tag_debit_balance_account,Fuel and lubricants NF,602.48.002,Expenses,,No,,,,
marin.account_602_49_001_lmmr,marin.company_lmmr,,l10n_mx.tag_debit_balance_account,Per diems and travel expenses FF,602.49.001,Expenses,,No,,,,
marin.account_602_49_002_lmmr,marin.company_lmmr,,l10n_mx.tag_debit_balance_account,Per diems and travel expenses NF,602.49.002,Expenses,,No,,,,
marin.account_602_50_001_lmmr,marin.company_lmmr,,l10n_mx.tag_debit_balance_account,"Telephone, internet FF",602.50.001,Expenses,,No,,,,
marin.account_602_50_002_lmmr,marin.company_lmmr,,l10n_mx.tag_debit_balance_account,"Telephone, internet NF",602.50.002,Expenses,,No,,,,
marin.account_602_51_001_lmmr,marin.company_lmmr,,l10n_mx.tag_debit_balance_account,Water FF,602.51.001,Expenses,,No,,,,
marin.account_602_51_002_lmmr,marin.company_lmmr,,l10n_mx.tag_debit_balance_account,Water NF,602.51.002,Expenses,,No,,,,
marin.account_602_52_001_lmmr,marin.company_lmmr,,l10n_mx.tag_debit_balance_account,Electric power FF,602.52.001,Expenses,,No,,,,
marin.account_602_52_002_lmmr,marin.company_lmmr,,l10n_mx.tag_debit_balance_account,Electric power NF,602.52.002,Expenses,,No,,,,
marin.account_602_53_002_lmmr,marin.company_lmmr,,l10n_mx.tag_debit_balance_account,Surveylance and security NF,602.53.002,Expenses,,No,,,,
marin.account_602_54_001_lmmr,marin.company_lmmr,,l10n_mx.tag_debit_balance_account,Cleaning articles and expenses FF,602.54.001,Expenses,,No,,,,
marin.account_602_54_002_lmmr,marin.company_lmmr,,l10n_mx.tag_debit_balance_account,Cleaning articles and expenses NF,602.54.002,Expenses,,No,,,,
marin.account_602_56_001_lmmr,marin.company_lmmr,,l10n_mx.tag_debit_balance_account,Maintenance and conservation FF,602.56.001,Expenses,,No,,,,
marin.account_602_56_002_lmmr,marin.company_lmmr,,l10n_mx.tag_debit_balance_account,Maintenance and conservation NF,602.56.002,Expenses,,No,,,,
marin.account_602_57_001_lmmr,marin.company_lmmr,,l10n_mx.tag_debit_balance_account,Insurance and bonds FF,602.57.001,Expenses,,No,,,,
marin.account_602_58_002_lmmr,marin.company_lmmr,,l10n_mx.tag_debit_balance_account,Other taxes and duties NF,602.58.002,Expenses,,No,,,,
marin.account_602_61_001_lmmr,marin.company_lmmr,,l10n_mx.tag_debit_balance_account,"Promotion, advertising and publicity FF",602.61.001,Expenses,,No,,,,
marin.account_602_61_002_lmmr,marin.company_lmmr,,l10n_mx.tag_debit_balance_account,"Promotion, advertising and publicity NF",602.61.002,Expenses,,No,,,,
marin.account_602_62_001_lmmr,marin.company_lmmr,,l10n_mx.tag_debit_balance_account,Employee training FF,602.62.001,Expenses,,No,,,,
marin.account_602_62_002_lmmr,marin.company_lmmr,,l10n_mx.tag_debit_balance_account,Employee training NF,602.62.002,Expenses,,No,,,,
marin.account_602_72_001_lmmr,marin.company_lmmr,,l10n_mx.tag_debit_balance_account,Freight and haulage FF,602.72.001,Expenses,,No,,,,
marin.account_602_72_002_lmmr,marin.company_lmmr,,l10n_mx.tag_debit_balance_account,Freight and haulage NF,602.72.002,Expenses,,No,,,,
marin.account_602_74_001_lmmr,marin.company_lmmr,,l10n_mx.tag_debit_balance_account,Sales commissions FF,602.74.001,Expenses,,No,,,,
marin.account_602_74_002_lmmr,marin.company_lmmr,,l10n_mx.tag_debit_balance_account,Sales commissions NF,602.74.002,Expenses,,No,,,,
marin.account_602_77_001_lmmr,marin.company_lmmr,,l10n_mx.tag_debit_balance_account,Uniforms FF,602.77.001,Expenses,,No,,,,
marin.account_602_77_002_lmmr,marin.company_lmmr,,l10n_mx.tag_debit_balance_account,Uniforms NF,602.77.002,Expenses,,No,,,,
marin.account_602_78_001_lmmr,marin.company_lmmr,,l10n_mx.tag_debit_balance_account,Property taxes FF,602.78.001,Expenses,,No,,,,
marin.account_602_78_002_lmmr,marin.company_lmmr,,l10n_mx.tag_debit_balance_account,Property taxes NF,602.78.002,Expenses,,No,,,,
marin.account_602_80_001_lmmr,marin.company_lmmr,,l10n_mx.tag_debit_balance_account,Construction expenses FF,602.80.001,Expenses,,No,,,,
marin.account_602_80_002_lmmr,marin.company_lmmr,,l10n_mx.tag_debit_balance_account,Construction expenses NF,602.80.002,Expenses,,No,,,,
marin.account_602_83_001_lmmr,marin.company_lmmr,,l10n_mx.tag_debit_balance_account,Non-deductible expenses - without fiscal requirements,602.83.001,Expenses,,No,,,,
marin.account_602_83_002_lmmr,marin.company_lmmr,,l10n_mx.tag_debit_balance_account,Non-deductible expenses - Fuel and lubricants,602.83.002,Expenses,,No,,,,
marin.account_602_83_004_lmmr,marin.company_lmmr,,l10n_mx.tag_debit_balance_account,Non-deductible expenses - Per diem and travel expenses,602.83.004,Expenses,,No,,,,
marin.account_602_83_005_lmmr,marin.company_lmmr,,l10n_mx.tag_debit_balance_account,Non-deductible expenses - Maintenance and conservation,602.83.005,Expenses,,No,,,,
marin.account_602_83_007_lmmr,marin.company_lmmr,,l10n_mx.tag_debit_balance_account,Non-deductible expenses - non-deductible VAT,602.83.007,Expenses,,No,,,,
marin.account_602_83_008_lmmr,marin.company_lmmr,,l10n_mx.tag_debit_balance_account,Non-deductible expenses - Freight and haulage,602.83.008,Expenses,,No,,,,
marin.account_602_84_001_lmmr,marin.company_lmmr,,l10n_mx.tag_debit_balance_account,Other sales expenses FF,602.84.001,Expenses,,No,,,,
marin.account_602_84_002_lmmr,marin.company_lmmr,,l10n_mx.tag_debit_balance_account,Other sales expenses NF,602.84.002,Expenses,,No,,,,
marin.account_602_84_003_lmmr,marin.company_lmmr,,l10n_mx.tag_debit_balance_account,Uncollectible debts LMMR FF,602.84.003,Expenses,,No,,,,
marin.account_602_84_004_lmmr,marin.company_lmmr,,l10n_mx.tag_debit_balance_account,Uncollectible debts LMMR NF,602.84.004,Expenses,,No,,,,
marin.account_602_84_005_lmmr,marin.company_lmmr,,l10n_mx.tag_debit_balance_account,Uncollectible debts LMMG FF,602.84.005,Expenses,,No,,,,
marin.account_602_84_006_lmmr,marin.company_lmmr,,l10n_mx.tag_debit_balance_account,Uncollectible debts LMMG NF,602.84.006,Expenses,,No,,,,
marin.account_602_84_007_lmmr,marin.company_lmmr,,l10n_mx.tag_debit_balance_account,Uncollectible debts GLMM FF,602.84.007,Expenses,,No,,,,
marin.account_602_84_008_lmmr,marin.company_lmmr,,l10n_mx.tag_debit_balance_account,Uncollectible debts GLMM NF,602.84.008,Expenses,,No,,,,
marin.account_603_01_001_lmmr,marin.company_lmmr,,l10n_mx.tag_debit_balance_account,Wages and salaries FF,603.01.001,Expenses,,No,,,,
marin.account_603_01_002_lmmr,marin.company_lmmr,,l10n_mx.tag_debit_balance_account,Wages and salaries NF,603.01.002,Expenses,,No,,,,
marin.account_603_06_001_lmmr,marin.company_lmmr,,l10n_mx.tag_debit_balance_account,Vacations FF,603.06.001,Expenses,,No,,,,
marin.account_603_06_002_lmmr,marin.company_lmmr,,l10n_mx.tag_debit_balance_account,Vacations NF,603.06.002,Expenses,,No,,,,
marin.account_603_07_001_lmmr,marin.company_lmmr,,l10n_mx.tag_debit_balance_account,Vacation bonus FF,603.07.001,Expenses,,No,,,,
marin.account_603_07_002_lmmr,marin.company_lmmr,,l10n_mx.tag_debit_balance_account,Vacation bonus NF,603.07.002,Expenses,,No,,,,
marin.account_603_10_002_lmmr,marin.company_lmmr,,l10n_mx.tag_debit_balance_account,Gratifications NF,603.10.002,Expenses,,No,,,,
marin.account_603_100_002_lmmr,marin.company_lmmr,,l10n_mx.tag_debit_balance_account,Cash trade LMMR --> bank LMMG,603.100.002,Expenses,,No,,,,
marin.account_603_100_003_lmmr,marin.company_lmmr,,l10n_mx.tag_debit_balance_account,Cash trade LMMR --> bank GLMM,603.100.003,Expenses,,No,,,,
marin.account_603_101_002_lmmr,marin.company_lmmr,,l10n_mx.tag_debit_balance_account,Bank trade LMMR --> bank LMMG,603.101.002,Expenses,,No,,,,
marin.account_603_101_003_lmmr,marin.company_lmmr,,l10n_mx.tag_debit_balance_account,Bank trade LMMR --> bank GLMM,603.101.003,Expenses,,No,,,,
marin.account_603_102_002_lmmr,marin.company_lmmr,,l10n_mx.tag_debit_balance_account,Bank trade LMMG --> self cash to thirth parties,603.102.002,Expenses,,No,,,,
marin.account_603_102_003_lmmr,marin.company_lmmr,,l10n_mx.tag_debit_balance_account,Bank trade GLMM --> self cash to thirth parties,603.102.003,Expenses,,No,,,,
marin.account_603_12_001_lmmr,marin.company_lmmr,,l10n_mx.tag_debit_balance_account,Christmas bonus FF,603.12.001,Expenses,,No,,,,
marin.account_603_12_002_lmmr,marin.company_lmmr,,l10n_mx.tag_debit_balance_account,Christmas bonus NF,603.12.002,Expenses,,No,,,,
marin.account_603_15_001_lmmr,marin.company_lmmr,,l10n_mx.tag_debit_balance_account,Employee pantry FF,603.15.001,Expenses,,No,,,,
marin.account_603_15_002_lmmr,marin.company_lmmr,,l10n_mx.tag_debit_balance_account,Employee pantry NF,603.15.002,Expenses,,No,,,,
marin.account_603_16_001_lmmr,marin.company_lmmr,,l10n_mx.tag_debit_balance_account,Transportation FF,603.16.001,Expenses,,No,,,,
marin.account_603_16_002_lmmr,marin.company_lmmr,,l10n_mx.tag_debit_balance_account,Transportation NF,603.16.002,Expenses,,No,,,,
marin.account_603_17_002_lmmr,marin.company_lmmr,,l10n_mx.tag_debit_balance_account,Medical services NF,603.17.002,Expenses,,No,,,,
marin.account_603_19_002_lmmr,marin.company_lmmr,,l10n_mx.tag_debit_balance_account,Savings fund NF,603.19.002,Expenses,,No,,,,
marin.account_603_25_001_lmmr,marin.company_lmmr,,l10n_mx.tag_debit_balance_account,Other employee benefits FF,603.25.001,Expenses,,No,,,,
marin.account_603_25_002_lmmr,marin.company_lmmr,,l10n_mx.tag_debit_balance_account,Other employee benefits NF,603.25.002,Expenses,,No,,,,
marin.account_603_26_001_lmmr,marin.company_lmmr,,l10n_mx.tag_debit_balance_account,Employer's social security contributions FF,603.26.001,Expenses,,No,,,,
marin.account_603_26_002_lmmr,marin.company_lmmr,,l10n_mx.tag_debit_balance_account,Employer's social security contributions NF,603.26.002,Expenses,,No,,,,
marin.account_603_27_001_lmmr,marin.company_lmmr,,l10n_mx.tag_debit_balance_account,Contributions to INFONAVIT FF,603.27.001,Expenses,,No,,,,
marin.account_603_30_001_lmmr,marin.company_lmmr,,l10n_mx.tag_debit_balance_account,Other contributions FF,603.30.001,Expenses,,No,,,,
marin.account_603_32_001_lmmr,marin.company_lmmr,,l10n_mx.tag_debit_balance_account,Administrative services FF,603.32.001,Expenses,,No,,,,
marin.account_603_32_002_lmmr,marin.company_lmmr,,l10n_mx.tag_debit_balance_account,Administrative services NF,603.32.002,Expenses,,No,,,,
marin.account_603_34_001_lmmr,marin.company_lmmr,,l10n_mx.tag_debit_balance_account,Fees to individuals FF,603.34.001,Expenses,,No,,,,
marin.account_603_34_002_lmmr,marin.company_lmmr,,l10n_mx.tag_debit_balance_account,Fees to individuals NF,603.34.002,Expenses,,No,,,,
marin.account_603_38_001_lmmr,marin.company_lmmr,,l10n_mx.tag_debit_balance_account,Fees to legal entities FF,603.38.001,Expenses,,No,,,,
marin.account_603_38_002_lmmr,marin.company_lmmr,,l10n_mx.tag_debit_balance_account,Fees to legal entities NF,603.38.002,Expenses,,No,,,,
marin.account_603_45_001_lmmr,marin.company_lmmr,,l10n_mx.tag_debit_balance_account,Lease to individuals FF,603.45.001,Expenses,,No,,,,
marin.account_603_45_002_lmmr,marin.company_lmmr,,l10n_mx.tag_debit_balance_account,Lease to individuals NF,603.45.002,Expenses,,No,,,,
marin.account_603_48_001_lmmr,marin.company_lmmr,,l10n_mx.tag_debit_balance_account,Fuel and lubricants FF,603.48.001,Expenses,,No,,,,
marin.account_603_48_002_lmmr,marin.company_lmmr,,l10n_mx.tag_debit_balance_account,Fuel and lubricants NF,603.48.002,Expenses,,No,,,,
marin.account_603_49_001_lmmr,marin.company_lmmr,,l10n_mx.tag_debit_balance_account,Per diems and travel expenses FF,603.49.001,Expenses,,No,,,,
marin.account_603_49_002_lmmr,marin.company_lmmr,,l10n_mx.tag_debit_balance_account,Per diems and travel expenses NF,603.49.002,Expenses,,No,,,,
marin.account_603_50_001_lmmr,marin.company_lmmr,,l10n_mx.tag_debit_balance_account,"Telephone, internet FF",603.50.001,Expenses,,No,,,,
marin.account_603_50_002_lmmr,marin.company_lmmr,,l10n_mx.tag_debit_balance_account,"Telephone, internet NF",603.50.002,Expenses,,No,,,,
marin.account_603_51_001_lmmr,marin.company_lmmr,,l10n_mx.tag_debit_balance_account,Water FF,603.51.001,Expenses,,No,,,,
marin.account_603_51_002_lmmr,marin.company_lmmr,,l10n_mx.tag_debit_balance_account,Water NF,603.51.002,Expenses,,No,,,,
marin.account_603_52_001_lmmr,marin.company_lmmr,,l10n_mx.tag_debit_balance_account,Electric power FF,603.52.001,Expenses,,No,,,,
marin.account_603_52_002_lmmr,marin.company_lmmr,,l10n_mx.tag_debit_balance_account,Electric power NF,603.52.002,Expenses,,No,,,,
marin.account_603_53_002_lmmr,marin.company_lmmr,,l10n_mx.tag_debit_balance_account,Surveylance and security NF,603.53.002,Expenses,,No,,,,
marin.account_603_54_001_lmmr,marin.company_lmmr,,l10n_mx.tag_debit_balance_account,Cleaning articles and expenses FF,603.54.001,Expenses,,No,,,,
marin.account_603_54_002_lmmr,marin.company_lmmr,,l10n_mx.tag_debit_balance_account,Cleaning articles and expenses NF,603.54.002,Expenses,,No,,,,
marin.account_603_55_001_lmmr,marin.company_lmmr,,l10n_mx.tag_debit_balance_account,Office supplies and stationery FF,603.55.001,Expenses,,No,,,,
marin.account_603_55_002_lmmr,marin.company_lmmr,,l10n_mx.tag_debit_balance_account,Office supplies and stationery NF,603.55.002,Expenses,,No,,,,
marin.account_603_56_001_lmmr,marin.company_lmmr,,l10n_mx.tag_debit_balance_account,Maintenance and conservation FF,603.56.001,Expenses,,No,,,,
marin.account_603_56_002_lmmr,marin.company_lmmr,,l10n_mx.tag_debit_balance_account,Maintenance and conservation NF,603.56.002,Expenses,,No,,,,
marin.account_603_57_001_lmmr,marin.company_lmmr,,l10n_mx.tag_debit_balance_account,Insurance and bonds FF,603.57.001,Expenses,,No,,,,
marin.account_603_58_001_lmmr,marin.company_lmmr,,l10n_mx.tag_debit_balance_account,Other taxes and duties FF,603.58.001,Expenses,,No,,,,
marin.account_603_58_002_lmmr,marin.company_lmmr,,l10n_mx.tag_debit_balance_account,Other taxes and duties NF,603.58.002,Expenses,,No,,,,
marin.account_603_59_001_lmmr,marin.company_lmmr,,l10n_mx.tag_debit_balance_account,Tax penalties FF,603.59.001,Expenses,,No,,,,
marin.account_603_61_001_lmmr,marin.company_lmmr,,l10n_mx.tag_debit_balance_account,"Promotion, advertising and publicity FF",603.61.001,Expenses,,No,,,,
marin.account_603_61_002_lmmr,marin.company_lmmr,,l10n_mx.tag_debit_balance_account,"Promotion, advertising and publicity NF",603.61.002,Expenses,,No,,,,
marin.account_603_62_001_lmmr,marin.company_lmmr,,l10n_mx.tag_debit_balance_account,Employee training FF,603.62.001,Expenses,,No,,,,
marin.account_603_62_002_lmmr,marin.company_lmmr,,l10n_mx.tag_debit_balance_account,Employee training NF,603.62.002,Expenses,,No,,,,
marin.account_603_75_001_lmmr,marin.company_lmmr,,l10n_mx.tag_debit_balance_account,Uniforms FF,603.75.001,Expenses,,No,,,,
marin.account_603_75_002_lmmr,marin.company_lmmr,,l10n_mx.tag_debit_balance_account,Uniforms NF,603.75.002,Expenses,,No,,,,
marin.account_603_76_001_lmmr,marin.company_lmmr,,l10n_mx.tag_debit_balance_account,Property taxes FF,603.76.001,Expenses,,No,,,,
marin.account_603_76_002_lmmr,marin.company_lmmr,,l10n_mx.tag_debit_balance_account,Property taxes NF,603.76.002,Expenses,,No,,,,
marin.account_603_82_002_lmmr,marin.company_lmmr,,l10n_mx.tag_debit_balance_account,Other administration expenses NF,603.82.002,Expenses,,No,,,,
marin.account_603_83_006_lmmr,marin.company_lmmr,,l10n_mx.tag_debit_balance_account,Non-deductible expenses - Administrative services,603.83.006,Expenses,,No,,,,
marin.account_603_83_008_lmmr,marin.company_lmmr,,l10n_mx.tag_debit_balance_account,Non-deductible expenses - Actualizaciones,603.83.008,Expenses,,No,,,,
marin.account_611_01_001_lmmr,marin.company_lmmr,,l10n_mx.tag_debit_balance_account,Income tax (ISR),611.01.001,Expenses,,No,,,,
marin.account_701_01_001_lmmr,marin.company_lmmr,,l10n_mx.tag_debit_balance_account,Currency exchange loss,701.01.001,Expenses,,No,,,,
marin.account_701_04_001_lmmr,marin.company_lmmr,,l10n_mx.tag_debit_balance_account,Interest expense to domestic bank FF,701.04.001,Expenses,,No,,,,
marin.account_701_08_001_lmmr,marin.company_lmmr,,l10n_mx.tag_debit_balance_account,Interest expense to domestic legal entities FF,701.08.001,Expenses,,No,,,,
marin.account_701_10_001_lmmr,marin.company_lmmr,,l10n_mx.tag_debit_balance_account,Bank commissions FF,701.10.001,Expenses,,No,,,,
marin.account_701_10_002_lmmr,marin.company_lmmr,,l10n_mx.tag_debit_balance_account,Bank commissions NF,701.10.002,Expenses,,No,,,,
marin.account_702_01_001_lmmr,marin.company_lmmr,,l10n_mx.tag_credit_balance_account,Currency exchange gain,702.01.001,Other Income,,No,,,,
marin.account_703_21_001_lmmr,marin.company_lmmr,,l10n_mx.tag_debit_balance_account,Other expenses FF,703.21.001,Expenses,,No,,,,
marin.account_703_21_002_lmmr,marin.company_lmmr,,l10n_mx.tag_debit_balance_account,Loss due to cash discrepancy,703.21.002,Expenses,,No,,,,
marin.account_703_21_003_lmmr,marin.company_lmmr,,l10n_mx.tag_debit_balance_account,Loss from cash discount,703.21.003,Expenses,,No,,,,
marin.account_704_01_001_lmmr,marin.company_lmmr,,l10n_mx.tag_credit_balance_account,Gain on sale and/or disposal of lands FF,704.01.001,Other Income,,No,,,,
marin.account_704_03_001_lmmr,marin.company_lmmr,,l10n_mx.tag_credit_balance_account,Gain on sale and/or disposal of machinery and equipment FF,704.03.001,Other Income,,No,,,,
marin.account_704_04_001_lmmr,marin.company_lmmr,,l10n_mx.tag_credit_balance_account,"Gain on sale and/or disposal of automobiles, buses, trucks, forklifts or trailers FF",704.04.001,Other Income,,No,,,,
marin.account_704_04_002_lmmr,marin.company_lmmr,,l10n_mx.tag_credit_balance_account,"Gain on sale and/or disposal of automobiles, buses, trucks, forklifts or trailers NF",704.04.002,Other Income,,No,,,,
marin.account_704_22_001_lmmr,marin.company_lmmr,,l10n_mx.tag_credit_balance_account,Gain from cash discount,704.22.001,Other Income,,No,,,,
marin.account_704_23_001_lmmr,marin.company_lmmr,,l10n_mx.tag_credit_balance_account,Other products FF,704.23.001,Other Income,,No,,,,
marin.account_704_23_002_lmmr,marin.company_lmmr,,l10n_mx.tag_credit_balance_account,Gain from cash discrepancy,704.23.002,Other Income,,No,,,,
marin.account_704_23_003_lmmr,marin.company_lmmr,,l10n_mx.tag_credit_balance_account,Indemnities FF,704.23.003,Other Income,,No,,,,
marin.account_899_01_099_lmmr,marin.company_lmmr,,l10n_mx.tag_debit_balance_account,Cash flow basis for taxation,899.01.099,Expenses,,No,,,,
marin.account_101_01_001_tjgl,marin.company_tjgl,,l10n_mx.tag_debit_balance_account,Cash main,101.01.001,Bank and Cash,,No,,,,
marin.account_101_01_003_tjgl,marin.company_tjgl,base.USD,l10n_mx.tag_debit_balance_account,Cash USD,101.01.003,Bank and Cash,,No,,,,
marin.account_102_01_000_tjgl,marin.company_tjgl,,l10n_mx.tag_debit_balance_account,Bank suspense account,102.01.000,Current Assets,,No,,,,
marin.account_102_01_001_tjgl,marin.company_tjgl,,l10n_mx.tag_debit_balance_account,Bank BBVA 0463866521,102.01.001,Bank and Cash,,No,,,,
marin.account_102_01_010_tjgl,marin.company_tjgl,,l10n_mx.tag_debit_balance_account,Bank BBVA Payroll,102.01.010,Bank and Cash,,No,,,,
marin.account_102_01_111_tjgl,marin.company_tjgl,,l10n_mx.tag_debit_balance_account,Liquidity transfer,102.01.111,Current Assets,True,No,,,,
marin.account_105_01_001_tjgl,marin.company_tjgl,,l10n_mx.tag_debit_balance_account,Domestic customers FF,105.01.001,Receivable,True,No,,,,
marin.account_105_01_002_tjgl,marin.company_tjgl,,l10n_mx.tag_debit_balance_account,Domestic customers NF,105.01.002,Receivable,True,No,,,,
marin.account_113_01_001_tjgl,marin.company_tjgl,,l10n_mx.tag_debit_balance_account,VAT in favor,113.01.001,Current Assets,,No,,,,
marin.account_113_02_001_tjgl,marin.company_tjgl,,l10n_mx.tag_debit_balance_account,Income tax (ISR) in favor,113.02.001,Current Assets,,No,,,,
marin.account_113_08_001_tjgl,marin.company_tjgl,,l10n_mx.tag_debit_balance_account,Other taxes in favor,113.08.001,Current Assets,,No,,,,
marin.account_114_01_001_tjgl,marin.company_tjgl,,l10n_mx.tag_debit_balance_account,Provisional income tax (ISR) payments,114.01.001,Current Assets,,No,,,,
marin.account_115_01_001_tjgl,marin.company_tjgl,,l10n_mx.tag_debit_balance_account,Inventory FF,115.01.001,Current Assets,,No,,,,
marin.account_115_01_002_tjgl,marin.company_tjgl,,l10n_mx.tag_debit_balance_account,Inventory NF,115.01.002,Current Assets,,No,,,,
marin.account_118_01_001_tjgl,marin.company_tjgl,,l10n_mx.tag_debit_balance_account,Paid VAT creditable,118.01.001,Current Assets,,No,,,,
marin.account_118_03_001_tjgl,marin.company_tjgl,,l10n_mx.tag_debit_balance_account,Paid IEPS creditable,118.03.001,Current Assets,,No,,,,
marin.account_119_01_001_tjgl,marin.company_tjgl,,l10n_mx.tag_debit_balance_account,Unpaid VAT creditable,119.01.001,Current Assets,True,No,,,,
marin.account_119_01_002_tjgl,marin.company_tjgl,,l10n_mx.tag_credit_balance_account,Non-deductible unpaid VAT,119.01.002,Current Liabilities,True,No,,,,
marin.account_119_03_001_tjgl,marin.company_tjgl,,l10n_mx.tag_debit_balance_account,Unpaid IEPS creditable,119.03.001,Current Assets,True,No,,,,
marin.account_201_01_001_tjgl,marin.company_tjgl,,l10n_mx.tag_credit_balance_account,Domestic suppliers FF,201.01.001,Payable,True,No,,,,
marin.account_201_01_002_tjgl,marin.company_tjgl,,l10n_mx.tag_credit_balance_account,Domestic suppliers NF,201.01.002,Payable,True,No,,,,
marin.account_202_03_099_tjgl,marin.company_tjgl,,l10n_mx.tag_credit_balance_account,Returned bank transactions,202.03.099,Current Liabilities,True,No,,,,
marin.account_208_01_001_tjgl,marin.company_tjgl,,l10n_mx.tag_credit_balance_account,Collected transfered VAT,208.01.001,Current Liabilities,,No,,,,
marin.account_209_01_001_tjgl,marin.company_tjgl,,l10n_mx.tag_credit_balance_account,Uncollected transfered VAT,209.01.001,Current Liabilities,True,No,,,,
marin.account_213_01_001_tjgl,marin.company_tjgl,,l10n_mx.tag_credit_balance_account,VAT payable,213.01.001,Current Liabilities,,No,,,,
marin.account_213_03_001_tjgl,marin.company_tjgl,,l10n_mx.tag_credit_balance_account,Income tax (ISR) payable,213.03.001,Current Liabilities,,No,,,,
marin.account_213_05_001_tjgl,marin.company_tjgl,,l10n_mx.tag_credit_balance_account,State and municipal taxes payable,213.05.001,Current Liabilities,,No,,,,
marin.account_216_01_001_tjgl,marin.company_tjgl,,l10n_mx.tag_credit_balance_account,Income tax (ISR) withholdings from wages and salaries,216.01.001,Current Liabilities,True,No,,,,
marin.account_216_03_001_tjgl,marin.company_tjgl,,l10n_mx.tag_credit_balance_account,Income tax (ISR) withholdings from leasing,216.03.001,Current Liabilities,,No,,,,
marin.account_216_03_002_tjgl,marin.company_tjgl,,l10n_mx.tag_credit_balance_account,Uncollected Income tax (ISR) withholdings from leasing,216.03.002,Current Liabilities,True,No,,,,
marin.account_302_01_001_tjgl,marin.company_tjgl,,l10n_mx.tag_credit_balance_account,Equity FF,302.01.001,Equity,,No,,,,
marin.account_302_01_002_tjgl,marin.company_tjgl,,l10n_mx.tag_credit_balance_account,Equity NF,302.01.002,Equity,,No,,,,
marin.account_304_01_001_tjgl,marin.company_tjgl,,l10n_mx.tag_credit_balance_account,Profit from prior periods FF,304.01.001,Equity,,No,,,,
marin.account_304_01_002_tjgl,marin.company_tjgl,,l10n_mx.tag_credit_balance_account,Profit from prior periods NF,304.01.002,Equity,,No,,,,
marin.account_304_02_001_tjgl,marin.company_tjgl,,l10n_mx.tag_credit_balance_account,Loss from prior periods FF,304.02.001,Equity,,No,,,,
marin.account_304_02_002_tjgl,marin.company_tjgl,,l10n_mx.tag_credit_balance_account,Loss from prior periods NF,304.02.002,Equity,,No,,,,
marin.account_305_01_001_tjgl,marin.company_tjgl,,l10n_mx.tag_credit_balance_account,Net income FF,305.01.001,Equity,,No,,,,
marin.account_305_01_002_tjgl,marin.company_tjgl,,l10n_mx.tag_credit_balance_account,Net income NF,305.01.002,Equity,,No,,,,
marin.account_305_02_001_tjgl,marin.company_tjgl,,l10n_mx.tag_credit_balance_account,Net loss FF,305.02.001,Equity,,No,,,,
marin.account_305_02_002_tjgl,marin.company_tjgl,,l10n_mx.tag_credit_balance_account,Net loss NF,305.02.002,Equity,,No,,,,
marin.account_401_01_001_tjgl,marin.company_tjgl,,l10n_mx.tag_credit_balance_account,Sales 16% FF,401.01.001,Income,,No,,,,
marin.account_401_04_001_tjgl,marin.company_tjgl,,l10n_mx.tag_credit_balance_account,Sales 0% FF,401.04.001,Income,,No,,,,
marin.account_401_04_002_tjgl,marin.company_tjgl,,l10n_mx.tag_credit_balance_account,Sales 0% NF,401.04.002,Income,,No,,,,
marin.account_401_04_006_tjgl,marin.company_tjgl,,l10n_mx.tag_credit_balance_account,Sales 0% FX - Multi company cash trade --> self bank,401.04.006,Income,,No,,,,
marin.account_401_22_001_tjgl,marin.company_tjgl,,l10n_mx.tag_credit_balance_account,Rental income FF,401.22.001,Income,,No,,,,
marin.account_401_22_002_tjgl,marin.company_tjgl,,l10n_mx.tag_credit_balance_account,Rental income NF,401.22.002,Income,,No,,,,
marin.account_501_01_001_tjgl,marin.company_tjgl,,l10n_mx.tag_debit_balance_account,Cost of sales FF,501.01.001,Cost of Revenue,,No,,,,
marin.account_501_01_002_tjgl,marin.company_tjgl,,l10n_mx.tag_debit_balance_account,Cost of sales NF,501.01.002,Cost of Revenue,,No,,,,
marin.account_501_01_003_tjgl,marin.company_tjgl,,l10n_mx.tag_debit_balance_account,Cost of sales FX,501.01.003,Cost of Revenue,,No,,,,
marin.account_601_58_001_tjgl,marin.company_tjgl,,l10n_mx.tag_debit_balance_account,Other taxes and duties FF,601.58.001,Expenses,,No,,,,
marin.account_601_84_002_tjgl,marin.company_tjgl,,l10n_mx.tag_debit_balance_account,Other general expenses NF,601.84.002,Expenses,,No,,,,
marin.account_602_32_001_tjgl,marin.company_tjgl,,l10n_mx.tag_debit_balance_account,Administrative services FF,602.32.001,Expenses,,No,,,,
marin.account_602_49_001_tjgl,marin.company_tjgl,,l10n_mx.tag_debit_balance_account,Per diems and travel expenses FF,602.49.001,Expenses,,No,,,,
marin.account_602_50_001_tjgl,marin.company_tjgl,,l10n_mx.tag_debit_balance_account,"Telephone, internet FF",602.50.001,Expenses,,No,,,,
marin.account_602_52_001_tjgl,marin.company_tjgl,,l10n_mx.tag_debit_balance_account,Electric power FF,602.52.001,Expenses,,No,,,,
marin.account_602_52_002_tjgl,marin.company_tjgl,,l10n_mx.tag_debit_balance_account,Electric power NF,602.52.002,Expenses,,No,,,,
marin.account_602_55_001_tjgl,marin.company_tjgl,,l10n_mx.tag_debit_balance_account,Office supplies and stationery FF,602.55.001,Expenses,,No,,,,
marin.account_602_56_001_tjgl,marin.company_tjgl,,l10n_mx.tag_debit_balance_account,Maintenance and conservation FF,602.56.001,Expenses,,No,,,,
marin.account_602_57_001_tjgl,marin.company_tjgl,,l10n_mx.tag_debit_balance_account,Insurance and bonds FF,602.57.001,Expenses,,No,,,,
marin.account_611_01_001_tjgl,marin.company_tjgl,,l10n_mx.tag_debit_balance_account,Income tax (ISR),611.01.001,Expenses,,No,,,,
marin.account_701_01_001_tjgl,marin.company_tjgl,,l10n_mx.tag_debit_balance_account,Currency exchange loss,701.01.001,Expenses,,No,,,,
marin.account_701_10_001_tjgl,marin.company_tjgl,,l10n_mx.tag_debit_balance_account,Bank commissions FF,701.10.001,Expenses,,No,,,,
marin.account_702_01_001_tjgl,marin.company_tjgl,,l10n_mx.tag_credit_balance_account,Currency exchange gain,702.01.001,Other Income,,No,,,,
marin.account_703_21_002_tjgl,marin.company_tjgl,,l10n_mx.tag_debit_balance_account,Loss due to cash discrepancy,703.21.002,Expenses,,No,,,,
marin.account_703_21_003_tjgl,marin.company_tjgl,,l10n_mx.tag_debit_balance_account,Loss from cash discount,703.21.003,Expenses,,No,,,,
marin.account_704_01_001_tjgl,marin.company_tjgl,,l10n_mx.tag_credit_balance_account,Gain on sale and/or disposal of lands FF,704.01.001,Other Income,,No,,,,
marin.account_704_22_001_tjgl,marin.company_tjgl,,l10n_mx.tag_credit_balance_account,Gain from cash discount,704.22.001,Other Income,,No,,,,
marin.account_704_23_002_tjgl,marin.company_tjgl,,l10n_mx.tag_credit_balance_account,Gain from cash discrepancy,704.23.002,Other Income,,No,,,,
marin.account_899_01_099_tjgl,marin.company_tjgl,,l10n_mx.tag_debit_balance_account,Cash flow basis for taxation,899.01.099,Expenses,,No,,,,
marin.account_101_01_001_lmmg,marin.company_lmmg,,l10n_mx.tag_debit_balance_account,Cash main,101.01.001,Bank and Cash,,No,,,,
marin.account_101_01_003_lmmg,marin.company_lmmg,base.USD,l10n_mx.tag_debit_balance_account,Cash USD,101.01.003,Bank and Cash,,No,,,,
marin.account_102_01_000_lmmg,marin.company_lmmg,,l10n_mx.tag_debit_balance_account,Bank suspense account,102.01.000,Current Assets,,No,,,,
marin.account_102_01_001_lmmg,marin.company_lmmg,,l10n_mx.tag_debit_balance_account,Bank BBVA 0478986592,102.01.001,Bank and Cash,,No,,,,
marin.account_102_01_002_lmmg,marin.company_lmmg,,l10n_mx.tag_debit_balance_account,Bank BBVA 0110152269,102.01.002,Bank and Cash,,No,,,,
marin.account_102_01_003_lmmg,marin.company_lmmg,,l10n_mx.tag_debit_balance_account,Bank Efectivale - Expenses,102.01.003,Bank and Cash,,No,,,,
marin.account_102_01_004_lmmg,marin.company_lmmg,,l10n_mx.tag_debit_balance_account,Bank BanBajio 0038383038,102.01.004,Bank and Cash,,No,,,,
marin.account_102_01_010_lmmg,marin.company_lmmg,,l10n_mx.tag_debit_balance_account,Bank BBVA Payroll,102.01.010,Bank and Cash,,No,,,,
marin.account_102_01_111_lmmg,marin.company_lmmg,,l10n_mx.tag_debit_balance_account,Liquidity transfer,102.01.111,Current Assets,True,No,,,,
marin.account_105_01_001_lmmg,marin.company_lmmg,,l10n_mx.tag_debit_balance_account,Domestic customers FF,105.01.001,Receivable,True,No,,,,
marin.account_105_01_002_lmmg,marin.company_lmmg,,l10n_mx.tag_debit_balance_account,Domestic customers NF,105.01.002,Receivable,True,No,,,,
marin.account_113_01_001_lmmg,marin.company_lmmg,,l10n_mx.tag_debit_balance_account,VAT in favor,113.01.001,Current Assets,,No,,,,
marin.account_113_02_001_lmmg,marin.company_lmmg,,l10n_mx.tag_debit_balance_account,Income tax (ISR) in favor,113.02.001,Current Assets,,No,,,,
marin.account_113_08_001_lmmg,marin.company_lmmg,,l10n_mx.tag_debit_balance_account,Other taxes in favor,113.08.001,Current Assets,,No,,,,
marin.account_114_01_001_lmmg,marin.company_lmmg,,l10n_mx.tag_debit_balance_account,Provisional income tax (ISR) payments,114.01.001,Current Assets,,No,,,,
marin.account_115_01_001_lmmg,marin.company_lmmg,,l10n_mx.tag_debit_balance_account,Inventory FF,115.01.001,Current Assets,,No,,,,
marin.account_115_01_002_lmmg,marin.company_lmmg,,l10n_mx.tag_debit_balance_account,Inventory NF,115.01.002,Current Assets,,No,,,,
marin.account_118_01_001_lmmg,marin.company_lmmg,,l10n_mx.tag_debit_balance_account,Paid VAT creditable,118.01.001,Current Assets,,No,,,,
marin.account_118_03_001_lmmg,marin.company_lmmg,,l10n_mx.tag_debit_balance_account,Paid IEPS creditable,118.03.001,Current Assets,,No,,,,
marin.account_119_01_001_lmmg,marin.company_lmmg,,l10n_mx.tag_debit_balance_account,Unpaid VAT creditable,119.01.001,Current Assets,True,No,,,,
marin.account_119_01_002_lmmg,marin.company_lmmg,,l10n_mx.tag_credit_balance_account,Non-deductible unpaid VAT,119.01.002,Current Liabilities,True,No,,,,
marin.account_119_03_001_lmmg,marin.company_lmmg,,l10n_mx.tag_debit_balance_account,Unpaid IEPS creditable,119.03.001,Current Assets,True,No,,,,
marin.account_120_01_001_lmmg,marin.company_lmmg,,l10n_mx.tag_debit_balance_account,Suppliers advances FF,120.01.001,Prepayments,True,No,,,,
marin.account_120_01_002_lmmg,marin.company_lmmg,,l10n_mx.tag_debit_balance_account,Suppliers advances NF,120.01.002,Prepayments,True,No,,,,
marin.account_151_01_001_lmmg,marin.company_lmmg,,l10n_mx.tag_debit_balance_account,Lands FF,151.01.001,Fixed Assets,,Create in draft,,,,
marin.account_151_01_002_lmmg,marin.company_lmmg,,l10n_mx.tag_debit_balance_account,Lands NF,151.01.002,Fixed Assets,,Create in draft,,,,
marin.account_153_01_001_lmmg,marin.company_lmmg,,l10n_mx.tag_debit_balance_account,Machinery and equipment FF,153.01.001,Fixed Assets,,Create in draft,,,,
marin.account_153_01_002_lmmg,marin.company_lmmg,,l10n_mx.tag_debit_balance_account,Machinery and equipment NF,153.01.002,Fixed Assets,,Create in draft,,,,
marin.account_154_01_001_lmmg,marin.company_lmmg,,l10n_mx.tag_debit_balance_account,"Automobiles, trucks, forklifts and trailers FF",154.01.001,Fixed Assets,,Create in draft,,,,
marin.account_154_01_002_lmmg,marin.company_lmmg,,l10n_mx.tag_debit_balance_account,"Automobiles, trucks, forklifts and trailers NF",154.01.002,Fixed Assets,,Create in draft,,,,
marin.account_155_01_001_lmmg,marin.company_lmmg,,l10n_mx.tag_debit_balance_account,Furniture and office equipment FF,155.01.001,Fixed Assets,,Create in draft,,,,
marin.account_155_01_002_lmmg,marin.company_lmmg,,l10n_mx.tag_debit_balance_account,Furniture and office equipment NF,155.01.002,Fixed Assets,,Create in draft,,,,
marin.account_156_01_001_lmmg,marin.company_lmmg,,l10n_mx.tag_debit_balance_account,Computing equipment FF,156.01.001,Fixed Assets,,Create in draft,,,,
marin.account_160_01_001_lmmg,marin.company_lmmg,,l10n_mx.tag_debit_balance_account,Other fixed assets FF,160.01.001,Fixed Assets,,Create in draft,,,,
marin.account_165_01_001_lmmg,marin.company_lmmg,,l10n_mx.tag_debit_balance_account,Communications equipment FF,165.01.001,Fixed Assets,,Create in draft,,,,
marin.account_165_01_002_lmmg,marin.company_lmmg,,l10n_mx.tag_debit_balance_account,Communications equipment NF,165.01.002,Fixed Assets,,Create in draft,,,,
marin.account_179_01_001_lmmg,marin.company_lmmg,,l10n_mx.tag_debit_balance_account,Brands and patents FF,179.01.001,Fixed Assets,,Create in draft,,,,
marin.account_201_01_001_lmmg,marin.company_lmmg,,l10n_mx.tag_credit_balance_account,Domestic suppliers FF,201.01.001,Payable,True,No,,,,
marin.account_201_01_002_lmmg,marin.company_lmmg,,l10n_mx.tag_credit_balance_account,Domestic suppliers NF,201.01.002,Payable,True,No,,,,
marin.account_201_02_001_lmmg,marin.company_lmmg,,l10n_mx.tag_credit_balance_account,Foreign suppliers FF,201.02.001,Payable,True,No,,,,
marin.account_202_03_001_lmmg,marin.company_lmmg,,l10n_mx.tag_credit_balance_account,Payments done by thirth party in name of the company FF,202.03.001,Current Liabilities,True,No,,,,
marin.account_202_03_002_lmmg,marin.company_lmmg,,l10n_mx.tag_credit_balance_account,Bank BBVA CC 5435,202.03.002,Credit Card,,No,,,,
marin.account_202_03_099_lmmg,marin.company_lmmg,,l10n_mx.tag_credit_balance_account,Returned bank transactions,202.03.099,Current Liabilities,True,No,,,,
marin.account_206_01_001_lmmg,marin.company_lmmg,,l10n_mx.tag_credit_balance_account,Customer advance FF,206.01.001,Current Liabilities,True,No,,,,
marin.account_208_01_001_lmmg,marin.company_lmmg,,l10n_mx.tag_credit_balance_account,Collected transfered VAT,208.01.001,Current Liabilities,,No,,,,
marin.account_208_02_001_lmmg,marin.company_lmmg,,l10n_mx.tag_credit_balance_account,Collected transfered IEPS,208.02.001,Current Liabilities,,No,,,,
marin.account_209_01_001_lmmg,marin.company_lmmg,,l10n_mx.tag_credit_balance_account,Uncollected transfered VAT,209.01.001,Current Liabilities,True,No,,,,
marin.account_209_02_001_lmmg,marin.company_lmmg,,l10n_mx.tag_credit_balance_account,Uncollected transfered IEPS,209.02.001,Current Liabilities,True,No,,,,
marin.account_210_01_001_lmmg,marin.company_lmmg,,l10n_mx.tag_credit_balance_account,Provision for wages and salaries payable,210.01.001,Current Liabilities,True,No,,,,
marin.account_213_01_001_lmmg,marin.company_lmmg,,l10n_mx.tag_credit_balance_account,VAT payable,213.01.001,Current Liabilities,,No,,,,
marin.account_213_03_001_lmmg,marin.company_lmmg,,l10n_mx.tag_credit_balance_account,Income tax (ISR) payable,213.03.001,Current Liabilities,,No,,,,
marin.account_213_05_001_lmmg,marin.company_lmmg,,l10n_mx.tag_credit_balance_account,State and municipal taxes payable,213.05.001,Current Liabilities,,No,,,,
marin.account_216_01_001_lmmg,marin.company_lmmg,,l10n_mx.tag_credit_balance_account,Income tax (ISR) withholdings from wages and salaries,216.01.001,Current Liabilities,True,No,,,,
marin.account_216_03_001_lmmg,marin.company_lmmg,,l10n_mx.tag_credit_balance_account,Income tax (ISR) withholdings from leasing,216.03.001,Current Liabilities,,No,,,,
marin.account_216_03_002_lmmg,marin.company_lmmg,,l10n_mx.tag_credit_balance_account,Uncollected Income tax (ISR) withholdings from leasing,216.03.002,Current Liabilities,True,No,,,,
marin.account_216_10_002_lmmg,marin.company_lmmg,,l10n_mx.tag_credit_balance_account,VAT retentions from leasing,216.10.002,Current Liabilities,,No,,,,
marin.account_216_10_010_lmmg,marin.company_lmmg,,l10n_mx.tag_credit_balance_account,VAT retentions,216.10.010,Current Liabilities,,No,,,,
marin.account_216_10_020_lmmg,marin.company_lmmg,,l10n_mx.tag_credit_balance_account,VAT retentions actually paid,216.10.020,Current Liabilities,,No,,,,
marin.account_252_07_001_lmmg,marin.company_lmmg,,l10n_mx.tag_credit_balance_account,Long-term national mortgages payable,252.07.001,Non-current Liabilities,True,No,,,,
marin.account_302_01_001_lmmg,marin.company_lmmg,,l10n_mx.tag_credit_balance_account,Equity FF,302.01.001,Equity,,No,,,,
marin.account_302_01_002_lmmg,marin.company_lmmg,,l10n_mx.tag_credit_balance_account,Equity NF,302.01.002,Equity,,No,,,,
marin.account_304_01_001_lmmg,marin.company_lmmg,,l10n_mx.tag_credit_balance_account,Profit from prior periods FF,304.01.001,Equity,,No,,,,
marin.account_304_01_002_lmmg,marin.company_lmmg,,l10n_mx.tag_credit_balance_account,Profit from prior periods NF,304.01.002,Equity,,No,,,,
marin.account_304_02_001_lmmg,marin.company_lmmg,,l10n_mx.tag_credit_balance_account,Loss from prior periods FF,304.02.001,Equity,,No,,,,
marin.account_304_02_002_lmmg,marin.company_lmmg,,l10n_mx.tag_credit_balance_account,Loss from prior periods NF,304.02.002,Equity,,No,,,,
marin.account_305_01_001_lmmg,marin.company_lmmg,,l10n_mx.tag_credit_balance_account,Net income FF,305.01.001,Equity,,No,,,,
marin.account_305_01_002_lmmg,marin.company_lmmg,,l10n_mx.tag_credit_balance_account,Net income NF,305.01.002,Equity,,No,,,,
marin.account_305_02_001_lmmg,marin.company_lmmg,,l10n_mx.tag_credit_balance_account,Net loss FF,305.02.001,Equity,,No,,,,
marin.account_305_02_002_lmmg,marin.company_lmmg,,l10n_mx.tag_credit_balance_account,Net loss NF,305.02.002,Equity,,No,,,,
marin.account_401_01_001_lmmg,marin.company_lmmg,,l10n_mx.tag_credit_balance_account,Sales 16% FF,401.01.001,Income,,No,,,,
marin.account_401_04_001_lmmg,marin.company_lmmg,,l10n_mx.tag_credit_balance_account,Sales 0% FF,401.04.001,Income,,No,,,,
marin.account_401_04_002_lmmg,marin.company_lmmg,,l10n_mx.tag_credit_balance_account,Sales 0% NF,401.04.002,Income,,No,,,,
marin.account_401_04_003_lmmg,marin.company_lmmg,,l10n_mx.tag_credit_balance_account,Sales 0% FX - Discounts on sales NF due payment in FX,401.04.003,Income,,No,True,,,
marin.account_401_04_004_lmmg,marin.company_lmmg,,l10n_mx.tag_credit_balance_account,Sales 0% FX - Discounts on sales NF LMMR,401.04.004,Income,,No,,,,
marin.account_401_04_005_lmmg,marin.company_lmmg,,l10n_mx.tag_credit_balance_account,Sales 0% FX - Self cash trade --> self bank,401.04.005,Income,,No,,,,
marin.account_401_04_006_lmmg,marin.company_lmmg,,l10n_mx.tag_credit_balance_account,Sales 0% FX - Multi company cash trade --> self bank,401.04.006,Income,,No,,,,
marin.account_401_04_007_lmmg,marin.company_lmmg,,l10n_mx.tag_credit_balance_account,Sales 0% FX - self bank trade --> self cash to thirth parties,401.04.007,Income,,No,,,,
marin.account_401_04_008_lmmg,marin.company_lmmg,,l10n_mx.tag_credit_balance_account,Sales 0% FX - self bank trade --> multi company cash to thirth parties,401.04.008,Income,,No,,,,
marin.account_401_04_010_lmmg,marin.company_lmmg,,l10n_mx.tag_credit_balance_account,Sales 0% FX - Bank trade LMMR --> bank LMMG,401.04.010,Income,,No,,,,
marin.account_401_04_011_lmmg,marin.company_lmmg,,l10n_mx.tag_credit_balance_account,Sales 0% FX - Bank trade GLMM --> bank LMMG,401.04.011,Income,,No,,,,
marin.account_401_04_013_lmmg,marin.company_lmmg,,l10n_mx.tag_credit_balance_account,Sales 0% FX - without invoice without discount over sales NF,401.04.013,Income,,No,,,,
marin.account_401_04_014_lmmg,marin.company_lmmg,,l10n_mx.tag_credit_balance_account,Sales 0% FX - without invoice with discount over sales NF,401.04.014,Income,,No,,,,
marin.account_401_04_015_lmmg,marin.company_lmmg,,l10n_mx.tag_credit_balance_account,Sales 0% FX - with invoice without discount on sales NF,401.04.015,Income,,No,,,,
marin.account_401_04_016_lmmg,marin.company_lmmg,,l10n_mx.tag_credit_balance_account,Sales 0% NFX,401.04.016,Income,,No,,,,
marin.account_401_04_017_lmmg,marin.company_lmmg,,l10n_mx.tag_debit_balance_account,Sales NF discounts for payment in kind,401.04.017,Cost of Revenue,,No,,,,
marin.account_401_04_018_lmmg,marin.company_lmmg,,l10n_mx.tag_debit_balance_account,Sales NF discounts for payment in FX multi company,401.04.018,Cost of Revenue,,No,,,,
marin.account_401_22_001_lmmg,marin.company_lmmg,,l10n_mx.tag_credit_balance_account,Rental income FF,401.22.001,Income,,No,,,,
marin.account_401_22_002_lmmg,marin.company_lmmg,,l10n_mx.tag_credit_balance_account,Rental income NF,401.22.002,Income,,No,,,,
marin.account_501_01_001_lmmg,marin.company_lmmg,,l10n_mx.tag_debit_balance_account,Cost of sales FF,501.01.001,Cost of Revenue,,No,,,,
marin.account_501_01_002_lmmg,marin.company_lmmg,,l10n_mx.tag_debit_balance_account,Cost of sales NF,501.01.002,Cost of Revenue,,No,,,,
marin.account_501_01_003_lmmg,marin.company_lmmg,,l10n_mx.tag_debit_balance_account,Cost of sales FX,501.01.003,Cost of Revenue,,No,,,,
marin.account_503_01_005_lmmg,marin.company_lmmg,,l10n_mx.tag_credit_balance_account,Purchase discounts for payment in kind NF,503.01.005,Other Income,,No,,,,
marin.account_503_01_006_lmmg,marin.company_lmmg,,l10n_mx.tag_credit_balance_account,Purchase discounts due payment in LMMR,503.01.006,Other Income,,No,,,,
marin.account_504_08_001_lmmg,marin.company_lmmg,,l10n_mx.tag_debit_balance_account,Machinery and equipment depreciation FF,504.08.001,Depreciation,,No,,,,
marin.account_504_08_002_lmmg,marin.company_lmmg,,l10n_mx.tag_debit_balance_account,Machinery and equipment depreciation NF,504.08.002,Depreciation,,No,,,,
marin.account_504_09_001_lmmg,marin.company_lmmg,,l10n_mx.tag_debit_balance_account,"Automobiles, buses and trucks depreciation FF",504.09.001,Depreciation,,No,,,,
marin.account_504_09_002_lmmg,marin.company_lmmg,,l10n_mx.tag_debit_balance_account,"Automobiles, buses and trucks depreciation NF",504.09.002,Depreciation,,No,,,,
marin.account_504_10_001_lmmg,marin.company_lmmg,,l10n_mx.tag_debit_balance_account,Furniture and office equipment depreciation FF,504.10.001,Depreciation,,No,,,,
marin.account_504_10_002_lmmg,marin.company_lmmg,,l10n_mx.tag_debit_balance_account,Furniture and office equipment depreciation NF,504.10.002,Depreciation,,No,,,,
marin.account_504_11_001_lmmg,marin.company_lmmg,,l10n_mx.tag_debit_balance_account,Computing equipment depreciation FF,504.11.001,Depreciation,,No,,,,
marin.account_504_12_001_lmmg,marin.company_lmmg,,l10n_mx.tag_debit_balance_account,Communications equipment depreciation FF,504.12.001,Depreciation,,No,,,,
marin.account_504_14_001_lmmg,marin.company_lmmg,,l10n_mx.tag_debit_balance_account,Land depreciation FF,504.14.001,Depreciation,,No,,,,
marin.account_504_14_002_lmmg,marin.company_lmmg,,l10n_mx.tag_debit_balance_account,Land depreciation NF,504.14.002,Depreciation,,No,,,,
marin.account_601_15_001_lmmg,marin.company_lmmg,,l10n_mx.tag_debit_balance_account,Personal pantry FF,601.15.001,Expenses,,No,,,,
marin.account_601_15_002_lmmg,marin.company_lmmg,,l10n_mx.tag_debit_balance_account,Personal pantry NF,601.15.002,Expenses,,No,,,,
marin.account_601_17_001_lmmg,marin.company_lmmg,,l10n_mx.tag_debit_balance_account,Medical services FF,601.17.001,Expenses,,No,,,,
marin.account_601_17_002_lmmg,marin.company_lmmg,,l10n_mx.tag_debit_balance_account,Medical services NF,601.17.002,Expenses,,No,,,,
marin.account_601_52_001_lmmg,marin.company_lmmg,,l10n_mx.tag_debit_balance_account,Electric power FF,601.52.001,Expenses,,No,,,,
marin.account_601_52_002_lmmg,marin.company_lmmg,,l10n_mx.tag_debit_balance_account,Electric power NF,601.52.002,Expenses,,No,,,,
marin.account_601_58_001_lmmg,marin.company_lmmg,,l10n_mx.tag_debit_balance_account,Other taxes and duties FF,601.58.001,Expenses,,No,,,,
marin.account_601_63_001_lmmg,marin.company_lmmg,,l10n_mx.tag_debit_balance_account,Donations and aids FF,601.63.001,Expenses,,No,,,,
marin.account_601_63_002_lmmg,marin.company_lmmg,,l10n_mx.tag_debit_balance_account,Donations and aids NF,601.63.002,Expenses,,No,,,,
marin.account_601_83_001_lmmg,marin.company_lmmg,,l10n_mx.tag_debit_balance_account,Non-deductible expenses - personal,601.83.001,Expenses,,No,,,,
marin.account_601_83_008_lmmg,marin.company_lmmg,,l10n_mx.tag_debit_balance_account,Non-deductible expenses - Actualizaciones,601.83.008,Expenses,,No,,,,
marin.account_601_84_001_lmmg,marin.company_lmmg,,l10n_mx.tag_debit_balance_account,Other general expenses FF,601.84.001,Expenses,,No,,,,
marin.account_601_84_002_lmmg,marin.company_lmmg,,l10n_mx.tag_debit_balance_account,Other general expenses NF,601.84.002,Expenses,,No,,,,
marin.account_602_01_001_lmmg,marin.company_lmmg,,l10n_mx.tag_debit_balance_account,Wages and salaries FF,602.01.001,Expenses,,No,,,,
marin.account_602_01_002_lmmg,marin.company_lmmg,,l10n_mx.tag_debit_balance_account,Wages and salaries NF,602.01.002,Expenses,,No,,,,
marin.account_602_16_001_lmmg,marin.company_lmmg,,l10n_mx.tag_debit_balance_account,Transportation FF,602.16.001,Expenses,,No,,,,
marin.account_602_16_002_lmmg,marin.company_lmmg,,l10n_mx.tag_debit_balance_account,Transportation NF,602.16.002,Expenses,,No,,,,
marin.account_602_48_001_lmmg,marin.company_lmmg,,l10n_mx.tag_debit_balance_account,Fuel and lubricants FF,602.48.001,Expenses,,No,,,,
marin.account_602_48_002_lmmg,marin.company_lmmg,,l10n_mx.tag_debit_balance_account,Fuel and lubricants NF,602.48.002,Expenses,,No,,,,
marin.account_602_49_001_lmmg,marin.company_lmmg,,l10n_mx.tag_debit_balance_account,Per diems and travel expenses FF,602.49.001,Expenses,,No,,,,
marin.account_602_49_002_lmmg,marin.company_lmmg,,l10n_mx.tag_debit_balance_account,Per diems and travel expenses NF,602.49.002,Expenses,,No,,,,
marin.account_602_50_001_lmmg,marin.company_lmmg,,l10n_mx.tag_debit_balance_account,"Telephone, internet FF",602.50.001,Expenses,,No,,,,
marin.account_602_50_002_lmmg,marin.company_lmmg,,l10n_mx.tag_debit_balance_account,"Telephone, internet NF",602.50.002,Expenses,,No,,,,
marin.account_602_51_001_lmmg,marin.company_lmmg,,l10n_mx.tag_debit_balance_account,Water FF,602.51.001,Expenses,,No,,,,
marin.account_602_52_001_lmmg,marin.company_lmmg,,l10n_mx.tag_debit_balance_account,Electric power FF,602.52.001,Expenses,,No,,,,
marin.account_602_52_002_lmmg,marin.company_lmmg,,l10n_mx.tag_debit_balance_account,Electric power NF,602.52.002,Expenses,,No,,,,
marin.account_602_54_001_lmmg,marin.company_lmmg,,l10n_mx.tag_debit_balance_account,Cleaning articles and expenses FF,602.54.001,Expenses,,No,,,,
marin.account_602_54_002_lmmg,marin.company_lmmg,,l10n_mx.tag_debit_balance_account,Cleaning articles and expenses NF,602.54.002,Expenses,,No,,,,
marin.account_602_56_001_lmmg,marin.company_lmmg,,l10n_mx.tag_debit_balance_account,Maintenance and conservation FF,602.56.001,Expenses,,No,,,,
marin.account_602_56_002_lmmg,marin.company_lmmg,,l10n_mx.tag_debit_balance_account,Maintenance and conservation NF,602.56.002,Expenses,,No,,,,
marin.account_602_57_001_lmmg,marin.company_lmmg,,l10n_mx.tag_debit_balance_account,Insurance and bonds FF,602.57.001,Expenses,,No,,,,
marin.account_602_61_001_lmmg,marin.company_lmmg,,l10n_mx.tag_debit_balance_account,"Promotion, advertising and publicity FF",602.61.001,Expenses,,No,,,,
marin.account_602_61_002_lmmg,marin.company_lmmg,,l10n_mx.tag_debit_balance_account,"Promotion, advertising and publicity NF",602.61.002,Expenses,,No,,,,
marin.account_602_62_001_lmmg,marin.company_lmmg,,l10n_mx.tag_debit_balance_account,Employee training FF,602.62.001,Expenses,,No,,,,
marin.account_602_72_001_lmmg,marin.company_lmmg,,l10n_mx.tag_debit_balance_account,Freight and haulage FF,602.72.001,Expenses,,No,,,,
marin.account_602_72_002_lmmg,marin.company_lmmg,,l10n_mx.tag_debit_balance_account,Freight and haulage NF,602.72.002,Expenses,,No,,,,
marin.account_602_74_001_lmmg,marin.company_lmmg,,l10n_mx.tag_debit_balance_account,Sales commissions FF,602.74.001,Expenses,,No,,,,
marin.account_602_74_002_lmmg,marin.company_lmmg,,l10n_mx.tag_debit_balance_account,Sales commissions NF,602.74.002,Expenses,,No,,,,
marin.account_602_77_001_lmmg,marin.company_lmmg,,l10n_mx.tag_debit_balance_account,Uniforms FF,602.77.001,Expenses,,No,,,,
marin.account_602_83_001_lmmg,marin.company_lmmg,,l10n_mx.tag_debit_balance_account,Non-deductible expenses - without fiscal requirements,602.83.001,Expenses,,No,,,,
marin.account_602_83_002_lmmg,marin.company_lmmg,,l10n_mx.tag_debit_balance_account,Non-deductible expenses - Fuel and lubricants,602.83.002,Expenses,,No,,,,
marin.account_602_83_003_lmmg,marin.company_lmmg,,l10n_mx.tag_debit_balance_account,Non-deductible expenses - Bank commissions,602.83.003,Expenses,,No,,,,
marin.account_602_83_004_lmmg,marin.company_lmmg,,l10n_mx.tag_debit_balance_account,Non-deductible expenses - Per diem and travel expenses,602.83.004,Expenses,,No,,,,
marin.account_602_83_005_lmmg,marin.company_lmmg,,l10n_mx.tag_debit_balance_account,Non-deductible expenses - Maintenance and conservation,602.83.005,Expenses,,No,,,,
marin.account_602_83_007_lmmg,marin.company_lmmg,,l10n_mx.tag_debit_balance_account,Non-deductible expenses - non-deductible VAT,602.83.007,Expenses,,No,,,,
marin.account_602_83_008_lmmg,marin.company_lmmg,,l10n_mx.tag_debit_balance_account,Non-deductible expenses - Freight and haulage,602.83.008,Expenses,,No,,,,
marin.account_602_84_001_lmmg,marin.company_lmmg,,l10n_mx.tag_debit_balance_account,Other sales expenses FF,602.84.001,Expenses,,No,,,,
marin.account_602_84_002_lmmg,marin.company_lmmg,,l10n_mx.tag_debit_balance_account,Other sales expenses NF,602.84.002,Expenses,,No,,,,
marin.account_603_01_001_lmmg,marin.company_lmmg,,l10n_mx.tag_debit_balance_account,Wages and salaries FF,603.01.001,Expenses,,No,,,,
marin.account_603_01_002_lmmg,marin.company_lmmg,,l10n_mx.tag_debit_balance_account,Wages and salaries NF,603.01.002,Expenses,,No,,,,
marin.account_603_100_001_lmmg,marin.company_lmmg,,l10n_mx.tag_debit_balance_account,Cash trade LMMG --> bank LMMR,603.100.001,Expenses,,No,,,,
marin.account_603_100_003_lmmg,marin.company_lmmg,,l10n_mx.tag_debit_balance_account,Cash trade LMMG --> bank GLMM,603.100.003,Expenses,,No,,,,
marin.account_603_101_001_lmmg,marin.company_lmmg,,l10n_mx.tag_debit_balance_account,Bank trade LMMG --> bank LMMR,603.101.001,Expenses,,No,,,,
marin.account_603_101_003_lmmg,marin.company_lmmg,,l10n_mx.tag_debit_balance_account,Bank trade LMMG --> bank GLMM,603.101.003,Expenses,,No,,,,
marin.account_603_102_001_lmmg,marin.company_lmmg,,l10n_mx.tag_debit_balance_account,Bank trade LMMR --> cash LMMG to thirth parties,603.102.001,Expenses,,No,,,,
marin.account_603_102_003_lmmg,marin.company_lmmg,,l10n_mx.tag_debit_balance_account,Bank trade GLMM --> cash LMMG to thirth parties,603.102.003,Expenses,,No,,,,
marin.account_603_32_001_lmmg,marin.company_lmmg,,l10n_mx.tag_debit_balance_account,Administrative services FF,603.32.001,Expenses,,No,,,,
marin.account_603_32_002_lmmg,marin.company_lmmg,,l10n_mx.tag_debit_balance_account,Administrative services NF,603.32.002,Expenses,,No,,,,
marin.account_603_34_001_lmmg,marin.company_lmmg,,l10n_mx.tag_debit_balance_account,Professional fees FF,603.34.001,Expenses,,No,,,,
marin.account_603_34_002_lmmg,marin.company_lmmg,,l10n_mx.tag_debit_balance_account,Professional fees NF,603.34.002,Expenses,,No,,,,
marin.account_603_45_001_lmmg,marin.company_lmmg,,l10n_mx.tag_debit_balance_account,Lease to individuals FF,603.45.001,Expenses,,No,,,,
marin.account_603_45_002_lmmg,marin.company_lmmg,,l10n_mx.tag_debit_balance_account,Lease to individuals NF,603.45.002,Expenses,,No,,,,
marin.account_603_55_001_lmmg,marin.company_lmmg,,l10n_mx.tag_debit_balance_account,Office supplies and stationery FF,603.55.001,Expenses,,No,,,,
marin.account_603_55_002_lmmg,marin.company_lmmg,,l10n_mx.tag_debit_balance_account,Office supplies and stationery NF,603.55.002,Expenses,,No,,,,
marin.account_603_58_001_lmmg,marin.company_lmmg,,l10n_mx.tag_debit_balance_account,Other taxes and duties FF,603.58.001,Expenses,,No,,,,
marin.account_603_58_002_lmmg,marin.company_lmmg,,l10n_mx.tag_debit_balance_account,Other taxes and duties NF,603.58.002,Expenses,,No,,,,
marin.account_603_59_001_lmmg,marin.company_lmmg,,l10n_mx.tag_debit_balance_account,Tax penalties FF,603.59.001,Expenses,,No,,,,
marin.account_603_62_001_lmmg,marin.company_lmmg,,l10n_mx.tag_debit_balance_account,Employee training FF,603.62.001,Expenses,,No,,,,
marin.account_603_83_006_lmmg,marin.company_lmmg,,l10n_mx.tag_debit_balance_account,Non-deductible expenses - Administrative services,603.83.006,Expenses,,No,,,,
marin.account_611_01_001_lmmg,marin.company_lmmg,,l10n_mx.tag_debit_balance_account,Income tax (ISR),611.01.001,Expenses,,No,,,,
marin.account_701_01_001_lmmg,marin.company_lmmg,,l10n_mx.tag_debit_balance_account,Currency exchange loss,701.01.001,Expenses,,No,,,,
marin.account_701_04_001_lmmg,marin.company_lmmg,,l10n_mx.tag_debit_balance_account,Interest expense to domestic bank FF,701.04.001,Expenses,,No,,,,
marin.account_701_08_001_lmmg,marin.company_lmmg,,l10n_mx.tag_debit_balance_account,Interest expense to domestic legal entities FF,701.08.001,Expenses,,No,,,,
marin.account_701_10_001_lmmg,marin.company_lmmg,,l10n_mx.tag_debit_balance_account,Bank commissions FF,701.10.001,Expenses,,No,,,,
marin.account_702_01_001_lmmg,marin.company_lmmg,,l10n_mx.tag_credit_balance_account,Currency exchange gain,702.01.001,Other Income,,No,,,,
marin.account_703_21_001_lmmg,marin.company_lmmg,,l10n_mx.tag_debit_balance_account,Other expenses FF,703.21.001,Expenses,,No,,,,
marin.account_703_21_002_lmmg,marin.company_lmmg,,l10n_mx.tag_debit_balance_account,Loss due to cash discrepancy,703.21.002,Expenses,,No,,,,
marin.account_703_21_003_lmmg,marin.company_lmmg,,l10n_mx.tag_debit_balance_account,Loss from cash discount,703.21.003,Expenses,,No,,,,
marin.account_704_01_001_lmmg,marin.company_lmmg,,l10n_mx.tag_credit_balance_account,Gain on sale and/or disposal of lands FF,704.01.001,Other Income,,No,,,,
marin.account_704_03_001_lmmg,marin.company_lmmg,,l10n_mx.tag_credit_balance_account,Gain on sale and/or disposal of machinery and equipment FF,704.03.001,Other Income,,No,,,,
marin.account_704_04_001_lmmg,marin.company_lmmg,,l10n_mx.tag_credit_balance_account,"Gain on sale and/or disposal of automobiles, buses, trucks, forklifts or trailers FF",704.04.001,Other Income,,No,,,,
marin.account_704_04_002_lmmg,marin.company_lmmg,,l10n_mx.tag_credit_balance_account,"Gain on sale and/or disposal of automobiles, buses, trucks, forklifts or trailers NF",704.04.002,Other Income,,No,,,,
marin.account_704_22_001_lmmg,marin.company_lmmg,,l10n_mx.tag_credit_balance_account,Gain from cash discount,704.22.001,Other Income,,No,,,,
marin.account_704_23_001_lmmg,marin.company_lmmg,,l10n_mx.tag_credit_balance_account,Other products FF,704.23.001,Other Income,,No,,,,
marin.account_704_23_002_lmmg,marin.company_lmmg,,l10n_mx.tag_credit_balance_account,Gain from cash discrepancy,704.23.002,Other Income,,No,,,,
marin.account_704_23_003_lmmg,marin.company_lmmg,,l10n_mx.tag_credit_balance_account,Indemnities FF,704.23.003,Other Income,,No,,,,
marin.account_899_01_099_lmmg,marin.company_lmmg,,l10n_mx.tag_debit_balance_account,Cash flow basis for taxation,899.01.099,Expenses,,No,,,,
marin.account_101_01_001_glmm,marin.company_glmm,,l10n_mx.tag_debit_balance_account,Cash main,101.01.001,Bank and Cash,,No,,,,
marin.account_102_01_000_glmm,marin.company_glmm,,l10n_mx.tag_debit_balance_account,Bank suspense account,102.01.000,Current Assets,,No,,,,
marin.account_102_01_001_glmm,marin.company_glmm,,l10n_mx.tag_debit_balance_account,Bank BBVA 0466728227,102.01.001,Bank and Cash,,No,,,,
marin.account_102_01_010_glmm,marin.company_glmm,,l10n_mx.tag_debit_balance_account,Bank BBVA Payroll,102.01.010,Bank and Cash,,No,,,,
marin.account_102_01_111_glmm,marin.company_glmm,,l10n_mx.tag_debit_balance_account,Liquidity transfer,102.01.111,Current Assets,True,No,,,,
marin.account_105_01_001_glmm,marin.company_glmm,,l10n_mx.tag_debit_balance_account,Domestic customers FF,105.01.001,Receivable,True,No,,,,
marin.account_105_01_002_glmm,marin.company_glmm,,l10n_mx.tag_debit_balance_account,Domestic customers NF,105.01.002,Receivable,True,No,,,,
marin.account_107_01_001_glmm,marin.company_glmm,,l10n_mx.tag_credit_balance_account,Officers and employees FF,107.01.001,Payable,True,No,,,,
marin.account_113_01_001_glmm,marin.company_glmm,,l10n_mx.tag_debit_balance_account,VAT in favor,113.01.001,Current Assets,,No,,,,
marin.account_113_02_001_glmm,marin.company_glmm,,l10n_mx.tag_debit_balance_account,Income tax (ISR) in favor,113.02.001,Current Assets,,No,,,,
marin.account_113_06_001_glmm,marin.company_glmm,,l10n_mx.tag_debit_balance_account,Employment subsidy actually delivered,113.06.001,Current Assets,,No,,,,
marin.account_113_08_001_glmm,marin.company_glmm,,l10n_mx.tag_debit_balance_account,Other taxes in favor,113.08.001,Current Assets,,No,,,,
marin.account_114_01_001_glmm,marin.company_glmm,,l10n_mx.tag_debit_balance_account,Provisional income tax (ISR) payments,114.01.001,Current Assets,,No,,,,
marin.account_115_01_001_glmm,marin.company_glmm,,l10n_mx.tag_debit_balance_account,Inventory FF,115.01.001,Current Assets,,No,,,,
marin.account_115_01_002_glmm,marin.company_glmm,,l10n_mx.tag_debit_balance_account,Inventory NF,115.01.002,Current Assets,,No,,,,
marin.account_118_01_001_glmm,marin.company_glmm,,l10n_mx.tag_debit_balance_account,Paid VAT creditable,118.01.001,Current Assets,,No,,,,
marin.account_118_03_001_glmm,marin.company_glmm,,l10n_mx.tag_debit_balance_account,Paid IEPS creditable,118.03.001,Current Assets,,No,,,,
marin.account_119_01_001_glmm,marin.company_glmm,,l10n_mx.tag_debit_balance_account,Unpaid VAT creditable,119.01.001,Current Assets,True,No,,,,
marin.account_119_01_002_glmm,marin.company_glmm,,l10n_mx.tag_credit_balance_account,Non-deductible unpaid VAT,119.01.002,Current Liabilities,True,No,,,,
marin.account_119_03_001_glmm,marin.company_glmm,,l10n_mx.tag_debit_balance_account,Unpaid IEPS creditable,119.03.001,Current Assets,True,No,,,,
marin.account_201_01_001_glmm,marin.company_glmm,,l10n_mx.tag_credit_balance_account,Domestic suppliers FF,201.01.001,Payable,True,No,,,,
marin.account_201_01_002_glmm,marin.company_glmm,,l10n_mx.tag_credit_balance_account,Domestic suppliers NF,201.01.002,Payable,True,No,,,,
marin.account_202_03_099_glmm,marin.company_glmm,,l10n_mx.tag_credit_balance_account,Returned bank transactions,202.03.099,Current Liabilities,True,No,,,,
marin.account_208_01_001_glmm,marin.company_glmm,,l10n_mx.tag_credit_balance_account,Collected transfered VAT,208.01.001,Current Liabilities,,No,,,,
marin.account_209_01_001_glmm,marin.company_glmm,,l10n_mx.tag_credit_balance_account,Uncollected transfered VAT,209.01.001,Current Liabilities,True,No,,,,
marin.account_210_01_001_glmm,marin.company_glmm,,l10n_mx.tag_credit_balance_account,Provision for wages and salaries payable,210.01.001,Current Liabilities,True,No,,,,
marin.account_213_01_001_glmm,marin.company_glmm,,l10n_mx.tag_credit_balance_account,VAT payable,213.01.001,Current Liabilities,,No,,,,
marin.account_213_03_001_glmm,marin.company_glmm,,l10n_mx.tag_credit_balance_account,Income tax (ISR) payable,213.03.001,Current Liabilities,,No,,,,
marin.account_213_05_001_glmm,marin.company_glmm,,l10n_mx.tag_credit_balance_account,State and municipal taxes payable,213.05.001,Current Liabilities,,No,,,,
marin.account_216_01_001_glmm,marin.company_glmm,,l10n_mx.tag_credit_balance_account,Income tax (ISR) withholdings from wages and salaries,216.01.001,Current Liabilities,True,No,,,,
marin.account_216_11_001_glmm,marin.company_glmm,,l10n_mx.tag_credit_balance_account,IMSS withholdings from employees FF,216.11.001,Current Liabilities,,No,,,,
marin.account_302_01_001_glmm,marin.company_glmm,,l10n_mx.tag_credit_balance_account,Equity FF,302.01.001,Equity,,No,,,,
marin.account_302_01_002_glmm,marin.company_glmm,,l10n_mx.tag_credit_balance_account,Equity NF,302.01.002,Equity,,No,,,,
marin.account_304_01_001_glmm,marin.company_glmm,,l10n_mx.tag_credit_balance_account,Profit from prior periods FF,304.01.001,Equity,,No,,,,
marin.account_304_01_002_glmm,marin.company_glmm,,l10n_mx.tag_credit_balance_account,Profit from prior periods NF,304.01.002,Equity,,No,,,,
marin.account_304_02_001_glmm,marin.company_glmm,,l10n_mx.tag_credit_balance_account,Loss from prior periods FF,304.02.001,Equity,,No,,,,
marin.account_304_02_002_glmm,marin.company_glmm,,l10n_mx.tag_credit_balance_account,Loss from prior periods NF,304.02.002,Equity,,No,,,,
marin.account_305_01_001_glmm,marin.company_glmm,,l10n_mx.tag_credit_balance_account,Net income FF,305.01.001,Equity,,No,,,,
marin.account_305_01_002_glmm,marin.company_glmm,,l10n_mx.tag_credit_balance_account,Net income NF,305.01.002,Equity,,No,,,,
marin.account_305_02_001_glmm,marin.company_glmm,,l10n_mx.tag_credit_balance_account,Net loss FF,305.02.001,Equity,,No,,,,
marin.account_305_02_002_glmm,marin.company_glmm,,l10n_mx.tag_credit_balance_account,Net loss NF,305.02.002,Equity,,No,,,,
marin.account_401_01_001_glmm,marin.company_glmm,,l10n_mx.tag_credit_balance_account,Sales 16% FF,401.01.001,Income,,No,,,,
marin.account_401_04_001_glmm,marin.company_glmm,,l10n_mx.tag_credit_balance_account,Sales 0% FF,401.04.001,Income,,No,,,,
marin.account_401_04_002_glmm,marin.company_glmm,,l10n_mx.tag_credit_balance_account,Sales 0% NF,401.04.002,Income,,No,,,,
marin.account_401_04_006_glmm,marin.company_glmm,,l10n_mx.tag_credit_balance_account,Sales 0% FX - Multi company cash trade --> self bank,401.04.006,Income,,No,,,,
marin.account_401_04_009_glmm,marin.company_glmm,,l10n_mx.tag_credit_balance_account,Sales 0% FX - Bank trade LMMG --> bank GLMM,401.04.009,Income,,No,,,,
marin.account_401_04_010_glmm,marin.company_glmm,,l10n_mx.tag_credit_balance_account,Sales 0% FX - Cash trade LMMR --> bank GLMM,401.04.010,Income,,No,,,,
marin.account_401_04_013_glmm,marin.company_glmm,,l10n_mx.tag_credit_balance_account,Sales 0% FX - without invoice without discount over sales NF,401.04.013,Income,,No,,,,
marin.account_401_04_015_glmm,marin.company_glmm,,l10n_mx.tag_credit_balance_account,Sales 0% FX - without invoice with discount over sales NF,401.04.015,Income,,No,,,,
marin.account_501_01_001_glmm,marin.company_glmm,,l10n_mx.tag_debit_balance_account,Cost of sales FF,501.01.001,Cost of Revenue,,No,,,,
marin.account_501_01_002_glmm,marin.company_glmm,,l10n_mx.tag_debit_balance_account,Cost of sales NF,501.01.002,Cost of Revenue,,No,,,,
marin.account_501_01_003_glmm,marin.company_glmm,,l10n_mx.tag_debit_balance_account,Cost of sales FX,501.01.003,Cost of Revenue,,No,,,,
marin.account_601_26_001_glmm,marin.company_glmm,,l10n_mx.tag_debit_balance_account,Employer's social security contributions FF,601.26.001,Expenses,,No,,,,
marin.account_601_58_001_glmm,marin.company_glmm,,l10n_mx.tag_debit_balance_account,Other taxes and duties FF,601.58.001,Expenses,,No,,,,
marin.account_601_83_001_glmm,marin.company_glmm,,l10n_mx.tag_debit_balance_account,Non-deductible expenses - without fiscal requirements,601.83.001,Expenses,,No,,,,
marin.account_602_01_001_glmm,marin.company_glmm,,l10n_mx.tag_debit_balance_account,Wages and salaries FF,602.01.001,Expenses,,No,,,,
marin.account_602_26_001_glmm,marin.company_glmm,,l10n_mx.tag_debit_balance_account,Employer's social security contributions FF,602.26.001,Expenses,,No,,,,
marin.account_602_34_001_glmm,marin.company_glmm,,l10n_mx.tag_debit_balance_account,Professional fees FF,602.34.001,Expenses,,No,,,,
marin.account_602_48_001_glmm,marin.company_glmm,,l10n_mx.tag_debit_balance_account,Fuel and lubricants FF,602.48.001,Expenses,,No,,,,
marin.account_602_49_001_glmm,marin.company_glmm,,l10n_mx.tag_debit_balance_account,Per diems and travel expenses FF,602.49.001,Expenses,,No,,,,
marin.account_602_50_001_glmm,marin.company_glmm,,l10n_mx.tag_debit_balance_account,"Telephone, internet FF",602.50.001,Expenses,,No,,,,
marin.account_602_56_001_glmm,marin.company_glmm,,l10n_mx.tag_debit_balance_account,Maintenance and conservation FF,602.56.001,Expenses,,No,,,,
marin.account_602_57_001_glmm,marin.company_glmm,,l10n_mx.tag_debit_balance_account,Insurance and bonds FF,602.57.001,Expenses,,No,,,,
marin.account_602_58_001_glmm,marin.company_glmm,,l10n_mx.tag_debit_balance_account,Other taxes and duties FF,602.58.001,Expenses,,No,,,,
marin.account_602_72_001_glmm,marin.company_glmm,,l10n_mx.tag_debit_balance_account,Freight and haulage FF,602.72.001,Expenses,,No,,,,
marin.account_602_83_001_glmm,marin.company_glmm,,l10n_mx.tag_debit_balance_account,Non-deductible expenses - without fiscal requirements,602.83.001,Expenses,,No,,,,
marin.account_602_83_007_glmm,marin.company_glmm,,l10n_mx.tag_debit_balance_account,Non-deductible expenses - non-deductible VAT,602.83.007,Expenses,,No,,,,
marin.account_603_100_001_glmm,marin.company_glmm,,l10n_mx.tag_debit_balance_account,Self cash trade --> bank LMMG,603.100.001,Expenses,,No,,,,
marin.account_603_100_002_glmm,marin.company_glmm,,l10n_mx.tag_debit_balance_account,Self cash trade --> bank LMMR,603.100.002,Expenses,,No,,,,
marin.account_603_101_001_glmm,marin.company_glmm,,l10n_mx.tag_debit_balance_account,Self bank trade --> bank LMMG,603.101.001,Expenses,,No,,,,
marin.account_603_101_002_glmm,marin.company_glmm,,l10n_mx.tag_debit_balance_account,Self bank trade --> bank LMMR,603.101.002,Expenses,,No,,,,
marin.account_603_102_001_glmm,marin.company_glmm,,l10n_mx.tag_debit_balance_account,Bank trade LMMG --> self cash to thirth parties,603.102.001,Expenses,,No,,,,
marin.account_603_102_002_glmm,marin.company_glmm,,l10n_mx.tag_debit_balance_account,Bank trade LMMR --> self cash to thirth parties,603.102.002,Expenses,,No,,,,
marin.account_603_55_001_glmm,marin.company_glmm,,l10n_mx.tag_debit_balance_account,"Office supplies and stationery FF",603.55.001,Expenses,,No,,,,
marin.account_611_01_001_glmm,marin.company_glmm,,l10n_mx.tag_debit_balance_account,Income tax (ISR),611.01.001,Expenses,,No,,,,
marin.account_701_01_001_glmm,marin.company_glmm,,l10n_mx.tag_debit_balance_account,Currency exchange loss,701.01.001,Expenses,,No,,,,
marin.account_701_04_001_glmm,marin.company_glmm,,l10n_mx.tag_debit_balance_account,Interest expense to domestic bank FF,701.04.001,Expenses,,No,,,,
marin.account_701_10_001_glmm,marin.company_glmm,,l10n_mx.tag_debit_balance_account,Bank commissions FF,701.10.001,Expenses,,No,,,,
marin.account_702_01_001_glmm,marin.company_glmm,,l10n_mx.tag_credit_balance_account,Currency exchange gain,702.01.001,Other Income,,No,,,,
marin.account_703_21_001_glmm,marin.company_glmm,,l10n_mx.tag_debit_balance_account,Other expenses FF,703.21.001,Expenses,,No,,,,
marin.account_703_21_002_glmm,marin.company_glmm,,l10n_mx.tag_debit_balance_account,Loss due to cash discrepancy,703.21.002,Expenses,,No,,,,
marin.account_703_21_003_glmm,marin.company_glmm,,l10n_mx.tag_debit_balance_account,Loss from cash discount,703.21.003,Expenses,,No,,,,
marin.account_704_22_001_glmm,marin.company_glmm,,l10n_mx.tag_credit_balance_account,Gain from cash discount,704.22.001,Other Income,,No,,,,
marin.account_704_23_001_glmm,marin.company_glmm,,l10n_mx.tag_credit_balance_account,Other products FF,704.23.001,Other Income,,No,,,,
marin.account_704_23_002_glmm,marin.company_glmm,,l10n_mx.tag_credit_balance_account,Gain from cash discrepancy,704.23.002,Other Income,,No,,,,
marin.account_899_01_099_glmm,marin.company_glmm,,l10n_mx.tag_debit_balance_account,Cash flow basis for taxation,899.01.099,Expenses,,No,,,,
