id,currency_id/id,name,code,account_type,reconcile,create_asset,deprecated,tag_ids/id,company_ids/id
account_102_01_000,,Bank suspense account,102.01.000,Current Assets,,No,,l10n_mx.tag_debit_balance_account,"marin_data.company_lmmg,marin_data.company_lmmr,marin_data.company_society"
account_102_01_111,,Liquidity transfers,102.01.111,Current Assets,True,No,,l10n_mx.tag_debit_balance_account,"marin_data.company_lmmg,marin_data.company_lmmr,marin_data.company_society"
account_102_01_112,,Balance transfers between clients,102.01.112,Current Assets,True,No,,l10n_mx.tag_debit_balance_account,"marin_data.company_lmmg,marin_data.company_lmmr,marin_data.company_society"
account_105_01_001,,Domestic customers FF,105.01.001,Receivable,True,No,,l10n_mx.tag_debit_balance_account,"marin_data.company_lmmg,marin_data.company_lmmr,marin_data.company_society"
account_105_01_002,,Domestic customers NF,105.01.002,Receivable,True,No,,l10n_mx.tag_debit_balance_account,"marin_data.company_lmmg,marin_data.company_lmmr,marin_data.company_society"
account_107_01_001,,Officers and employees FF,107.01.001,Payable,True,No,,l10n_mx.tag_credit_balance_account,"marin_data.company_lmmg,marin_data.company_lmmr,marin_data.company_society"
account_107_01_002,,Officers and employees NF,107.01.002,Payable,True,No,,l10n_mx.tag_credit_balance_account,"marin_data.company_lmmg,marin_data.company_lmmr,marin_data.company_society"
account_113_01_001,,VAT in favor,113.01.001,Current Assets,,No,,l10n_mx.tag_debit_balance_account,"marin_data.company_lmmg,marin_data.company_lmmr,marin_data.company_society"
account_113_02_001,,Income tax (ISR) in favor,113.02.001,Current Assets,,No,,l10n_mx.tag_debit_balance_account,"marin_data.company_lmmg,marin_data.company_lmmr,marin_data.company_society"
account_113_06_001,,Employment subsidy actually delivered,113.06.001,Current Assets,,No,,l10n_mx.tag_debit_balance_account,"marin_data.company_lmmg,marin_data.company_lmmr,marin_data.company_society"
account_113_08_001,,Other taxes in favor,113.08.001,Current Assets,,No,,l10n_mx.tag_debit_balance_account,"marin_data.company_lmmg,marin_data.company_lmmr,marin_data.company_society"
account_114_01_001,,Provisional income tax (ISR) payments,114.01.001,Current Assets,,No,,l10n_mx.tag_debit_balance_account,"marin_data.company_lmmg,marin_data.company_lmmr,marin_data.company_society"
account_115_01_001,,Inventory FF,115.01.001,Current Assets,,No,,l10n_mx.tag_debit_balance_account,"marin_data.company_lmmg,marin_data.company_lmmr,marin_data.company_society"
account_115_01_002,,Inventory NF,115.01.002,Current Assets,,No,,l10n_mx.tag_debit_balance_account,"marin_data.company_lmmg,marin_data.company_lmmr,marin_data.company_society"
account_118_01_001,,Paid VAT creditable,118.01.001,Current Assets,,No,,l10n_mx.tag_debit_balance_account,"marin_data.company_lmmg,marin_data.company_lmmr,marin_data.company_society"
account_118_03_001,,Paid IEPS creditable,118.03.001,Current Assets,,No,,l10n_mx.tag_debit_balance_account,"marin_data.company_lmmg,marin_data.company_lmmr,marin_data.company_society"
account_119_01_001,,Unpaid VAT creditable,119.01.001,Current Assets,True,No,,l10n_mx.tag_debit_balance_account,"marin_data.company_lmmg,marin_data.company_lmmr,marin_data.company_society"
account_119_01_002,,Non-deductible unpaid VAT,119.01.002,Current Liabilities,True,No,,l10n_mx.tag_credit_balance_account,"marin_data.company_lmmg,marin_data.company_lmmr,marin_data.company_society"
account_119_03_001,,Unpaid IEPS creditable,119.03.001,Current Assets,True,No,,l10n_mx.tag_debit_balance_account,"marin_data.company_lmmg,marin_data.company_lmmr,marin_data.company_society"
account_120_01_001,,Suppliers advances FF,120.01.001,Prepayments,True,No,,l10n_mx.tag_debit_balance_account,"marin_data.company_lmmg,marin_data.company_lmmr,marin_data.company_society"
account_120_01_002,,Suppliers advances NF,120.01.002,Prepayments,True,No,,l10n_mx.tag_debit_balance_account,"marin_data.company_lmmg,marin_data.company_lmmr,marin_data.company_society"
account_151_01_001,,Lands FF,151.01.001,Fixed Assets,,No,,l10n_mx.tag_debit_balance_account,"marin_data.company_lmmg,marin_data.company_lmmr,marin_data.company_society"
account_151_01_002,,Lands NF,151.01.002,Fixed Assets,,Create in draft,,l10n_mx.tag_debit_balance_account,"marin_data.company_lmmg,marin_data.company_lmmr,marin_data.company_society"
account_153_01_001,,Machinery and equipment FF,153.01.001,Fixed Assets,,Create in draft,,l10n_mx.tag_debit_balance_account,"marin_data.company_lmmg,marin_data.company_lmmr,marin_data.company_society"
account_153_01_002,,Machinery and equipment NF,153.01.002,Fixed Assets,,Create in draft,,l10n_mx.tag_debit_balance_account,"marin_data.company_lmmg,marin_data.company_lmmr,marin_data.company_society"
account_154_01_001,,"Automobiles, trucks, forklifts and trailers FF",154.01.001,Fixed Assets,,Create in draft,,l10n_mx.tag_debit_balance_account,"marin_data.company_lmmg,marin_data.company_lmmr,marin_data.company_society"
account_154_01_002,,"Automobiles, trucks, forklifts and trailers NF",154.01.002,Fixed Assets,,Create in draft,,l10n_mx.tag_debit_balance_account,"marin_data.company_lmmg,marin_data.company_lmmr,marin_data.company_society"
account_155_01_001,,Furniture and office equipment FF,155.01.001,Fixed Assets,,Create in draft,,l10n_mx.tag_debit_balance_account,"marin_data.company_lmmg,marin_data.company_lmmr,marin_data.company_society"
account_155_01_002,,Furniture and office equipment NF,155.01.002,Fixed Assets,,Create in draft,,l10n_mx.tag_debit_balance_account,"marin_data.company_lmmg,marin_data.company_lmmr,marin_data.company_society"
account_156_01_001,,Computing equipment FF,156.01.001,Fixed Assets,,Create in draft,,l10n_mx.tag_debit_balance_account,"marin_data.company_lmmg,marin_data.company_lmmr,marin_data.company_society"
account_160_01_001,,Other fixed assets FF,160.01.001,Fixed Assets,,Create in draft,,l10n_mx.tag_debit_balance_account,"marin_data.company_lmmg,marin_data.company_lmmr,marin_data.company_society"
account_165_01_001,,Communications equipment FF,165.01.001,Fixed Assets,,Create in draft,,l10n_mx.tag_debit_balance_account,"marin_data.company_lmmg,marin_data.company_lmmr,marin_data.company_society"
account_165_01_002,,Communications equipment NF,165.01.002,Fixed Assets,,Create in draft,,l10n_mx.tag_debit_balance_account,"marin_data.company_lmmg,marin_data.company_lmmr,marin_data.company_society"
account_179_01_001,,Brands and patents FF,179.01.001,Fixed Assets,,Create in draft,,l10n_mx.tag_debit_balance_account,"marin_data.company_lmmg,marin_data.company_lmmr,marin_data.company_society"
account_201_01_001,,Domestic suppliers FF,201.01.001,Payable,True,No,,l10n_mx.tag_credit_balance_account,"marin_data.company_lmmg,marin_data.company_lmmr,marin_data.company_society"
account_201_01_002,,Domestic supplier NF,201.01.002,Payable,True,No,,l10n_mx.tag_credit_balance_account,"marin_data.company_lmmg,marin_data.company_lmmr,marin_data.company_society"
account_201_02_001,,Foreign suppliers FF,201.02.001,Payable,True,No,,l10n_mx.tag_credit_balance_account,"marin_data.company_lmmg,marin_data.company_lmmr,marin_data.company_society"
account_202_03_001,,Payments done by thirth party in name of the company FF,202.03.001,Current Liabilities,True,No,,l10n_mx.tag_credit_balance_account,"marin_data.company_lmmg,marin_data.company_lmmr,marin_data.company_society"
account_202_03_099,,Returned bank transactions,202.03.099,Current Liabilities,True,No,,l10n_mx.tag_credit_balance_account,"marin_data.company_lmmg,marin_data.company_lmmr,marin_data.company_society"
account_206_01_001,,Customer advances FF,206.01.001,Current Liabilities,True,No,,l10n_mx.tag_credit_balance_account,"marin_data.company_lmmg,marin_data.company_lmmr,marin_data.company_society"
account_206_01_002,,Customer advances NF,206.01.002,Current Liabilities,True,No,,l10n_mx.tag_credit_balance_account,"marin_data.company_lmmg,marin_data.company_lmmr,marin_data.company_society"
account_206_05_001,,Customers collaterals FF,206.05.001,Current Liabilities,,No,,l10n_mx.tag_credit_balance_account,"marin_data.company_lmmg,marin_data.company_lmmr,marin_data.company_society"
account_206_05_002,,Customers collaterals NF,206.05.002,Current Liabilities,,No,,l10n_mx.tag_credit_balance_account,"marin_data.company_lmmg,marin_data.company_lmmr,marin_data.company_society"
account_208_01_001,,Collected transfered VAT,208.01.001,Current Liabilities,,No,,l10n_mx.tag_credit_balance_account,"marin_data.company_lmmg,marin_data.company_lmmr,marin_data.company_society"
account_208_02_001,,Collected transfered IEPS,208.02.001,Current Liabilities,,No,,l10n_mx.tag_credit_balance_account,"marin_data.company_lmmg,marin_data.company_lmmr,marin_data.company_society"
account_209_01_001,,Uncollected transfered VAT,209.01.001,Current Liabilities,True,No,,l10n_mx.tag_credit_balance_account,"marin_data.company_lmmg,marin_data.company_lmmr,marin_data.company_society"
account_209_02_001,,Uncollected transfered IEPS,209.02.001,Current Liabilities,True,No,,l10n_mx.tag_credit_balance_account,"marin_data.company_lmmg,marin_data.company_lmmr,marin_data.company_society"
account_210_01_001,,Provision for wages and salaries payable,210.01.001,Current Liabilities,True,No,,l10n_mx.tag_credit_balance_account,"marin_data.company_lmmg,marin_data.company_lmmr,marin_data.company_society"
account_213_01_001,,VAT payable,213.01.001,Current Liabilities,,No,,l10n_mx.tag_credit_balance_account,"marin_data.company_lmmg,marin_data.company_lmmr,marin_data.company_society"
account_213_03_001,,Income tax (ISR) payable,213.03.001,Current Liabilities,,No,,l10n_mx.tag_credit_balance_account,"marin_data.company_lmmg,marin_data.company_lmmr,marin_data.company_society"
account_213_05_001,,State and municipal taxes payable,213.05.001,Current Liabilities,,No,,l10n_mx.tag_credit_balance_account,"marin_data.company_lmmg,marin_data.company_lmmr,marin_data.company_society"
account_216_01_001,,Income tax (ISR) retentions from wages and salaries,216.01.001,Current Liabilities,True,No,,l10n_mx.tag_credit_balance_account,"marin_data.company_lmmg,marin_data.company_lmmr,marin_data.company_society"
account_216_03_001,,Income tax (ISR) retentions from leasing,216.03.001,Current Liabilities,,No,,l10n_mx.tag_credit_balance_account,"marin_data.company_lmmg,marin_data.company_lmmr,marin_data.company_society"
account_216_03_002,,Uncollected income tax (ISR) retentions from leasing,216.03.002,Current Liabilities,True,No,,l10n_mx.tag_credit_balance_account,"marin_data.company_lmmg,marin_data.company_lmmr,marin_data.company_society"
account_216_10_002,,VAT retentions from leasing,216.10.002,Current Liabilities,,No,,l10n_mx.tag_credit_balance_account,"marin_data.company_lmmg,marin_data.company_lmmr,marin_data.company_society"
account_216_10_010,,VAT retentions,216.10.010,Current Liabilities,,No,,l10n_mx.tag_credit_balance_account,"marin_data.company_lmmg,marin_data.company_lmmr,marin_data.company_society"
account_216_10_020,,VAT retentions actually paid,216.10.020,Current Liabilities,,No,,l10n_mx.tag_credit_balance_account,"marin_data.company_lmmg,marin_data.company_lmmr,marin_data.company_society"
account_216_11_001,,IMSS retentions from employees FF,216.11.001,Current Liabilities,,No,,l10n_mx.tag_credit_balance_account,"marin_data.company_lmmg,marin_data.company_lmmr,marin_data.company_society"
account_252_07_001,,Long-term national mortgages payable,252.07.001,Non-current Liabilities,True,No,,l10n_mx.tag_credit_balance_account,"marin_data.company_lmmg,marin_data.company_lmmr,marin_data.company_society"
account_302_01_001,,Equity FF,302.01.001,Equity,,No,,l10n_mx.tag_credit_balance_account,"marin_data.company_lmmg,marin_data.company_lmmr,marin_data.company_society"
account_302_01_002,,Equity NF,302.01.002,Equity,,No,,l10n_mx.tag_credit_balance_account,"marin_data.company_lmmg,marin_data.company_lmmr,marin_data.company_society"
account_303_01_001,,Customers collaterals reserves FF,303.01.001,Equity,,No,,l10n_mx.tag_credit_balance_account,"marin_data.company_lmmg,marin_data.company_lmmr,marin_data.company_society"
account_303_01_002,,Customers collaterals reserves NF,303.01.002,Equity,,No,,l10n_mx.tag_credit_balance_account,"marin_data.company_lmmg,marin_data.company_lmmr,marin_data.company_society"
account_304_01_001,,Profit from prior periods FF,304.01.001,Equity,,No,,l10n_mx.tag_credit_balance_account,"marin_data.company_lmmg,marin_data.company_lmmr,marin_data.company_society"
account_304_01_002,,Profit from prior periods NF,304.01.002,Equity,,No,,l10n_mx.tag_credit_balance_account,"marin_data.company_lmmg,marin_data.company_lmmr,marin_data.company_society"
account_304_02_001,,Loss from prior periods FF,304.02.001,Equity,,No,,l10n_mx.tag_credit_balance_account,"marin_data.company_lmmg,marin_data.company_lmmr,marin_data.company_society"
account_304_02_002,,Loss from prior periods NF,304.02.002,Equity,,No,,l10n_mx.tag_credit_balance_account,"marin_data.company_lmmg,marin_data.company_lmmr,marin_data.company_society"
account_305_01_001,,Net income FF,305.01.001,Equity,,No,,l10n_mx.tag_credit_balance_account,"marin_data.company_lmmg,marin_data.company_lmmr,marin_data.company_society"
account_305_01_002,,Net income NF,305.01.002,Equity,,No,,l10n_mx.tag_credit_balance_account,"marin_data.company_lmmg,marin_data.company_lmmr,marin_data.company_society"
account_305_02_001,,Net loss FF,305.02.001,Equity,,No,,l10n_mx.tag_credit_balance_account,"marin_data.company_lmmg,marin_data.company_lmmr,marin_data.company_society"
account_305_02_002,,Net loss NF,305.02.002,Equity,,No,,l10n_mx.tag_credit_balance_account,"marin_data.company_lmmg,marin_data.company_lmmr,marin_data.company_society"
account_401_01_001,,Sales 16% FF,401.01.001,Income,,No,,l10n_mx.tag_credit_balance_account,"marin_data.company_lmmg,marin_data.company_lmmr,marin_data.company_society"
account_401_04_001,,Sales 0% FF,401.04.001,Income,,No,,l10n_mx.tag_credit_balance_account,"marin_data.company_lmmg,marin_data.company_lmmr,marin_data.company_society"
account_401_04_002,,Sales 0% NF,401.04.002,Income,,No,,l10n_mx.tag_credit_balance_account,"marin_data.company_lmmg,marin_data.company_lmmr,marin_data.company_society"
account_401_04_003,,Sales 0% FX - discounts on sales NF from collection in FX,401.04.003,Income,,No,,l10n_mx.tag_credit_balance_account,"marin_data.company_lmmg,marin_data.company_lmmr,marin_data.company_society"
account_401_04_005,,Sales 0% FX - cash convertions to bank,401.04.005,Income,,No,,l10n_mx.tag_credit_balance_account,"marin_data.company_lmmg,marin_data.company_lmmr,marin_data.company_society"
account_401_04_007,,Sales 0% FX - thirth parties convertions to cash,401.04.007,Income,,No,,l10n_mx.tag_credit_balance_account,"marin_data.company_lmmg,marin_data.company_lmmr,marin_data.company_society"
account_401_04_009,,Sales 0% FX - Intercompany bank transfers,401.04.009,Income,,No,,l10n_mx.tag_credit_balance_account,"marin_data.company_lmmg,marin_data.company_lmmr,marin_data.company_society"
account_401_04_013,,Sales 0% FX - without invoice without discount on sales NF,401.04.013,Income,,No,,l10n_mx.tag_credit_balance_account,"marin_data.company_lmmg,marin_data.company_lmmr,marin_data.company_society"
account_401_04_014,,Sales 0% FX - without invoice with discount on sales NF,401.04.014,Income,,No,,l10n_mx.tag_credit_balance_account,"marin_data.company_lmmg,marin_data.company_lmmr,marin_data.company_society"
account_401_04_015,,Sales 0% FX - with invoice without discount on sales NF,401.04.015,Income,,No,,l10n_mx.tag_credit_balance_account,"marin_data.company_lmmg,marin_data.company_lmmr,marin_data.company_society"
account_401_04_016,,Sales 0% NX,401.04.016,Income,,No,,l10n_mx.tag_credit_balance_account,"marin_data.company_lmmg,marin_data.company_lmmr,marin_data.company_society"
account_401_04_017,,Sales 0% NF - discounts on sales NF from collection in kind,401.04.017,Cost of Revenue,,No,,l10n_mx.tag_debit_balance_account,"marin_data.company_lmmg,marin_data.company_lmmr,marin_data.company_society"
account_401_22_001,,Rental income FF,401.22.001,Income,,No,,l10n_mx.tag_credit_balance_account,"marin_data.company_lmmg,marin_data.company_lmmr,marin_data.company_society"
account_401_22_002,,Rental income NF,401.22.002,Income,,No,,l10n_mx.tag_credit_balance_account,"marin_data.company_lmmg,marin_data.company_lmmr,marin_data.company_society"
account_501_01_001,,Cost of sales FF,501.01.001,Cost of Revenue,,No,,l10n_mx.tag_debit_balance_account,"marin_data.company_lmmg,marin_data.company_lmmr,marin_data.company_society"
account_501_01_002,,Cost of sales NF,501.01.002,Cost of Revenue,,No,,l10n_mx.tag_debit_balance_account,"marin_data.company_lmmg,marin_data.company_lmmr,marin_data.company_society"
account_501_01_003,,Cost of sales FX,501.01.003,Cost of Revenue,,No,,l10n_mx.tag_debit_balance_account,"marin_data.company_lmmg,marin_data.company_lmmr,marin_data.company_society"
account_503_01_005,,Discounts on purchases from payment in kind NF,503.01.005,Other Income,,No,,l10n_mx.tag_credit_balance_account,"marin_data.company_lmmg,marin_data.company_lmmr,marin_data.company_society"
account_504_08_001,,Machinery and equipment depreciation FF,504.08.001,Depreciation,,No,,l10n_mx.tag_debit_balance_account,"marin_data.company_lmmg,marin_data.company_lmmr,marin_data.company_society"
account_504_08_002,,Machinery and equipment depreciation NF,504.08.002,Depreciation,,No,,l10n_mx.tag_debit_balance_account,"marin_data.company_lmmg,marin_data.company_lmmr,marin_data.company_society"
account_504_09_001,,"Automobiles, buses and trucks depreciation FF",504.09.001,Depreciation,,No,,l10n_mx.tag_debit_balance_account,"marin_data.company_lmmg,marin_data.company_lmmr,marin_data.company_society"
account_504_09_002,,"Automobiles, buses and trucks depreciation NF",504.09.002,Depreciation,,No,,l10n_mx.tag_debit_balance_account,"marin_data.company_lmmg,marin_data.company_lmmr,marin_data.company_society"
account_504_10_001,,Furniture and office equipment depreciation FF,504.10.001,Depreciation,,No,,l10n_mx.tag_debit_balance_account,"marin_data.company_lmmg,marin_data.company_lmmr,marin_data.company_society"
account_504_10_002,,Furniture and office equipment depreciation NF,504.10.002,Depreciation,,No,,l10n_mx.tag_debit_balance_account,"marin_data.company_lmmg,marin_data.company_lmmr,marin_data.company_society"
account_504_11_001,,Computing equipment depreciation FF,504.11.001,Depreciation,,No,,l10n_mx.tag_debit_balance_account,"marin_data.company_lmmg,marin_data.company_lmmr,marin_data.company_society"
account_504_12_001,,Communications equipment depreciation FF,504.12.001,Depreciation,,No,,l10n_mx.tag_debit_balance_account,"marin_data.company_lmmg,marin_data.company_lmmr,marin_data.company_society"
account_504_14_001,,Land depreciation FF,504.14.001,Depreciation,,No,,l10n_mx.tag_debit_balance_account,"marin_data.company_lmmg,marin_data.company_lmmr,marin_data.company_society"
account_504_14_002,,Land depreciation NF,504.14.002,Depreciation,,No,,l10n_mx.tag_debit_balance_account,"marin_data.company_lmmg,marin_data.company_lmmr,marin_data.company_society"
account_601_01_001,,Wages and salaries FF,601.01.001,Expenses,,No,,l10n_mx.tag_debit_balance_account,"marin_data.company_lmmg,marin_data.company_lmmr,marin_data.company_society"
account_601_01_002,,Wages and salaries NF,601.01.002,Expenses,,No,,l10n_mx.tag_debit_balance_account,"marin_data.company_lmmg,marin_data.company_lmmr,marin_data.company_society"
account_601_06_001,,Vacations FF,601.06.001,Expenses,,No,,l10n_mx.tag_debit_balance_account,"marin_data.company_lmmg,marin_data.company_lmmr,marin_data.company_society"
account_601_06_002,,Vacations NF,601.06.002,Expenses,,No,,l10n_mx.tag_debit_balance_account,"marin_data.company_lmmg,marin_data.company_lmmr,marin_data.company_society"
account_601_07_001,,Vacation bonus FF,601.07.001,Expenses,,No,,l10n_mx.tag_debit_balance_account,"marin_data.company_lmmg,marin_data.company_lmmr,marin_data.company_society"
account_601_07_002,,Vacation bonus NF,601.07.002,Expenses,,No,,l10n_mx.tag_debit_balance_account,"marin_data.company_lmmg,marin_data.company_lmmr,marin_data.company_society"
account_601_12_001,,Christmas bonus FF,601.12.001,Expenses,,No,,l10n_mx.tag_debit_balance_account,"marin_data.company_lmmg,marin_data.company_lmmr,marin_data.company_society"
account_601_12_002,,Christmas bonus NF,601.12.002,Expenses,,No,,l10n_mx.tag_debit_balance_account,"marin_data.company_lmmg,marin_data.company_lmmr,marin_data.company_society"
account_601_15_001,,Personal pantry FF,601.15.001,Expenses,,No,,l10n_mx.tag_debit_balance_account,"marin_data.company_lmmg,marin_data.company_lmmr,marin_data.company_society"
account_601_15_002,,Personal pantry NF,601.15.002,Expenses,,No,,l10n_mx.tag_debit_balance_account,"marin_data.company_lmmg,marin_data.company_lmmr,marin_data.company_society"
account_601_16_001,,Transportation FF,601.16.001,Expenses,,No,,l10n_mx.tag_debit_balance_account,"marin_data.company_lmmg,marin_data.company_lmmr,marin_data.company_society"
account_601_16_002,,Transportation NF,601.16.002,Expenses,,No,,l10n_mx.tag_debit_balance_account,"marin_data.company_lmmg,marin_data.company_lmmr,marin_data.company_society"
account_601_17_001,,Medical services FF,601.17.001,Expenses,,No,,l10n_mx.tag_debit_balance_account,"marin_data.company_lmmg,marin_data.company_lmmr,marin_data.company_society"
account_601_17_002,,Medical services NF,601.17.002,Expenses,,No,,l10n_mx.tag_debit_balance_account,"marin_data.company_lmmg,marin_data.company_lmmr,marin_data.company_society"
account_601_22_001,,Workteam meals FF,601.22.001,Expenses,,No,,l10n_mx.tag_debit_balance_account,"marin_data.company_lmmg,marin_data.company_lmmr,marin_data.company_society"
account_601_22_002,,Workteam meals NF,601.22.002,Expenses,,No,,l10n_mx.tag_debit_balance_account,"marin_data.company_lmmg,marin_data.company_lmmr,marin_data.company_society"
account_601_26_001,,Employer's social security contributions FF,601.26.001,Expenses,,No,,l10n_mx.tag_debit_balance_account,"marin_data.company_lmmg,marin_data.company_lmmr,marin_data.company_society"
account_601_34_001,,Fees to individuals FF,601.34.001,Expenses,,No,,l10n_mx.tag_debit_balance_account,"marin_data.company_lmmg,marin_data.company_lmmr,marin_data.company_society"
account_601_34_002,,Fees to individuals NF,601.34.002,Expenses,,No,,l10n_mx.tag_debit_balance_account,"marin_data.company_lmmg,marin_data.company_lmmr,marin_data.company_society"
account_601_38_001,,Fees to legal entities FF,601.38.001,Expenses,,No,,l10n_mx.tag_debit_balance_account,"marin_data.company_lmmg,marin_data.company_lmmr,marin_data.company_society"
account_601_38_002,,Fees to legal entities NF,601.38.002,Expenses,,No,,l10n_mx.tag_debit_balance_account,"marin_data.company_lmmg,marin_data.company_lmmr,marin_data.company_society"
account_601_48_001,,Fuel and lubricants FF,601.48.001,Expenses,,No,,l10n_mx.tag_debit_balance_account,"marin_data.company_lmmg,marin_data.company_lmmr,marin_data.company_society"
account_601_48_002,,Fuel and lubricants NF,601.48.002,Expenses,,No,,l10n_mx.tag_debit_balance_account,"marin_data.company_lmmg,marin_data.company_lmmr,marin_data.company_society"
account_601_49_001,,Per diems and travel expenses FF,601.49.001,Expenses,,No,,l10n_mx.tag_debit_balance_account,"marin_data.company_lmmg,marin_data.company_lmmr,marin_data.company_society"
account_601_49_002,,Per diems and travel expenses NF,601.49.002,Expenses,,No,,l10n_mx.tag_debit_balance_account,"marin_data.company_lmmg,marin_data.company_lmmr,marin_data.company_society"
account_601_50_001,,"Telephone, internet FF",601.50.001,Expenses,,No,,l10n_mx.tag_debit_balance_account,"marin_data.company_lmmg,marin_data.company_lmmr,marin_data.company_society"
account_601_50_002,,"Telephone, internet NF",601.50.002,Expenses,,No,,l10n_mx.tag_debit_balance_account,"marin_data.company_lmmg,marin_data.company_lmmr,marin_data.company_society"
account_601_51_001,,Water FF,601.51.001,Expenses,,No,,l10n_mx.tag_debit_balance_account,"marin_data.company_lmmg,marin_data.company_lmmr,marin_data.company_society"
account_601_51_002,,Water NF,601.51.002,Expenses,,No,,l10n_mx.tag_debit_balance_account,"marin_data.company_lmmg,marin_data.company_lmmr,marin_data.company_society"
account_601_52_001,,Electric power FF,601.52.001,Expenses,,No,,l10n_mx.tag_debit_balance_account,"marin_data.company_lmmg,marin_data.company_lmmr,marin_data.company_society"
account_601_52_002,,Electric power NF,601.52.002,Expenses,,No,,l10n_mx.tag_debit_balance_account,"marin_data.company_lmmg,marin_data.company_lmmr,marin_data.company_society"
account_601_54_001,,Cleaning articles and expenses FF,601.54.001,Expenses,,No,,l10n_mx.tag_debit_balance_account,"marin_data.company_lmmg,marin_data.company_lmmr,marin_data.company_society"
account_601_54_002,,Cleaning articles and expenses NF,601.54.002,Expenses,,No,,l10n_mx.tag_debit_balance_account,"marin_data.company_lmmg,marin_data.company_lmmr,marin_data.company_society"
account_601_56_001,,Maintenance and conservation FF,601.56.001,Expenses,,No,,l10n_mx.tag_debit_balance_account,"marin_data.company_lmmg,marin_data.company_lmmr,marin_data.company_society"
account_601_56_002,,Maintenance and conservation NF,601.56.002,Expenses,,No,,l10n_mx.tag_debit_balance_account,"marin_data.company_lmmg,marin_data.company_lmmr,marin_data.company_society"
account_601_57_001,,Insurance and bonds FF,601.57.001,Expenses,,No,,l10n_mx.tag_debit_balance_account,"marin_data.company_lmmg,marin_data.company_lmmr,marin_data.company_society"
account_601_58_001,,Other taxes and duties FF,601.58.001,Expenses,,No,,l10n_mx.tag_debit_balance_account,"marin_data.company_lmmg,marin_data.company_lmmr,marin_data.company_society"
account_601_58_002,,Other taxes and duties NF,601.58.002,Expenses,,No,,l10n_mx.tag_debit_balance_account,"marin_data.company_lmmg,marin_data.company_lmmr,marin_data.company_society"
account_601_61_003,,Convention FF,601.61.003,Expenses,,No,,l10n_mx.tag_debit_balance_account,"marin_data.company_lmmg,marin_data.company_lmmr,marin_data.company_society"
account_601_63_001,,Donations and aids FF,601.63.001,Expenses,,No,,l10n_mx.tag_debit_balance_account,"marin_data.company_lmmg,marin_data.company_lmmr,marin_data.company_society"
account_601_63_002,,Donations and aids NF,601.63.002,Expenses,,No,,l10n_mx.tag_debit_balance_account,"marin_data.company_lmmg,marin_data.company_lmmr,marin_data.company_society"
account_601_78_001,,Property taxes FF,601.78.001,Expenses,,No,,l10n_mx.tag_debit_balance_account,"marin_data.company_lmmg,marin_data.company_lmmr,marin_data.company_society"
account_601_78_002,,Property taxes NF,601.78.002,Expenses,,No,,l10n_mx.tag_debit_balance_account,"marin_data.company_lmmg,marin_data.company_lmmr,marin_data.company_society"
account_601_80_001,,Construction expenses FF,601.80.001,Expenses,,No,,l10n_mx.tag_debit_balance_account,"marin_data.company_lmmg,marin_data.company_lmmr,marin_data.company_society"
account_601_80_002,,Construction expenses NF,601.80.002,Expenses,,No,,l10n_mx.tag_debit_balance_account,"marin_data.company_lmmg,marin_data.company_lmmr,marin_data.company_society"
account_601_83_001,,Non-deductible expenses - personal,601.83.001,Expenses,,No,,l10n_mx.tag_debit_balance_account,"marin_data.company_lmmg,marin_data.company_lmmr,marin_data.company_society"
account_601_83_008,,Non-deductible expenses - Actualizaciones,601.83.008,Expenses,,No,,l10n_mx.tag_debit_balance_account,"marin_data.company_lmmg,marin_data.company_lmmr,marin_data.company_society"
account_601_84_001,,Other general expenses FF,601.84.001,Expenses,,No,,l10n_mx.tag_debit_balance_account,"marin_data.company_lmmg,marin_data.company_lmmr,marin_data.company_society"
account_601_84_002,,Other general expenses NF,601.84.002,Expenses,,No,,l10n_mx.tag_debit_balance_account,"marin_data.company_lmmg,marin_data.company_lmmr,marin_data.company_society"
account_602_01_001,,Wages and salaries FF,602.01.001,Expenses,,No,,l10n_mx.tag_debit_balance_account,"marin_data.company_lmmg,marin_data.company_lmmr,marin_data.company_society"
account_602_01_002,,Wages and salaries NF,602.01.002,Expenses,,No,,l10n_mx.tag_debit_balance_account,"marin_data.company_lmmg,marin_data.company_lmmr,marin_data.company_society"
account_602_02_001,,Compensations - Payments made in excess to the worker FF,602.02.001,Expenses,,No,,l10n_mx.tag_debit_balance_account,"marin_data.company_lmmg,marin_data.company_lmmr,marin_data.company_society"
account_602_02_002,,Compensations - Payments made in excess to the worker NF,602.02.002,Expenses,,No,,l10n_mx.tag_debit_balance_account,"marin_data.company_lmmg,marin_data.company_lmmr,marin_data.company_society"
account_602_06_001,,Vacations FF,602.06.001,Expenses,,No,,l10n_mx.tag_debit_balance_account,"marin_data.company_lmmg,marin_data.company_lmmr,marin_data.company_society"
account_602_06_002,,Vacations NF,602.06.002,Expenses,,No,,l10n_mx.tag_debit_balance_account,"marin_data.company_lmmg,marin_data.company_lmmr,marin_data.company_society"
account_602_07_001,,Vacation bonus FF,602.07.001,Expenses,,No,,l10n_mx.tag_debit_balance_account,"marin_data.company_lmmg,marin_data.company_lmmr,marin_data.company_society"
account_602_07_002,,Vacation bonus NF,602.07.002,Expenses,,No,,l10n_mx.tag_debit_balance_account,"marin_data.company_lmmg,marin_data.company_lmmr,marin_data.company_society"
account_602_10_002,,Gratifications NF,602.10.002,Expenses,,No,,l10n_mx.tag_debit_balance_account,"marin_data.company_lmmg,marin_data.company_lmmr,marin_data.company_society"
account_602_12_001,,Christmas bonus FF,602.12.001,Expenses,,No,,l10n_mx.tag_debit_balance_account,"marin_data.company_lmmg,marin_data.company_lmmr,marin_data.company_society"
account_602_12_002,,Christmas bonus NF,602.12.002,Expenses,,No,,l10n_mx.tag_debit_balance_account,"marin_data.company_lmmg,marin_data.company_lmmr,marin_data.company_society"
account_602_15_001,,Employee pantry FF,602.15.001,Expenses,,No,,l10n_mx.tag_debit_balance_account,"marin_data.company_lmmg,marin_data.company_lmmr,marin_data.company_society"
account_602_15_002,,Employee pantry NF,602.15.002,Expenses,,No,,l10n_mx.tag_debit_balance_account,"marin_data.company_lmmg,marin_data.company_lmmr,marin_data.company_society"
account_602_16_001,,Transportation FF,602.16.001,Expenses,,No,,l10n_mx.tag_debit_balance_account,"marin_data.company_lmmg,marin_data.company_lmmr,marin_data.company_society"
account_602_16_002,,Transportation NF,602.16.002,Expenses,,No,,l10n_mx.tag_debit_balance_account,"marin_data.company_lmmg,marin_data.company_lmmr,marin_data.company_society"
account_602_17_001,,Medical services FF,602.17.001,Expenses,,No,,l10n_mx.tag_debit_balance_account,"marin_data.company_lmmg,marin_data.company_lmmr,marin_data.company_society"
account_602_17_002,,Medical services NF,602.17.002,Expenses,,No,,l10n_mx.tag_debit_balance_account,"marin_data.company_lmmg,marin_data.company_lmmr,marin_data.company_society"
account_602_19_002,,Savings fund NF,602.19.002,Expenses,,No,,l10n_mx.tag_debit_balance_account,"marin_data.company_lmmg,marin_data.company_lmmr,marin_data.company_society"
account_602_22_001,,Workteam meals FF,602.22.001,Expenses,,No,,l10n_mx.tag_debit_balance_account,"marin_data.company_lmmg,marin_data.company_lmmr,marin_data.company_society"
account_602_22_002,,Workteam meals NF,602.22.002,Expenses,,No,,l10n_mx.tag_debit_balance_account,"marin_data.company_lmmg,marin_data.company_lmmr,marin_data.company_society"
account_602_25_001,,Other employee benefits FF,602.25.001,Expenses,,No,,l10n_mx.tag_debit_balance_account,"marin_data.company_lmmg,marin_data.company_lmmr,marin_data.company_society"
account_602_25_002,,Other employee benefits NF,602.25.002,Expenses,,No,,l10n_mx.tag_debit_balance_account,"marin_data.company_lmmg,marin_data.company_lmmr,marin_data.company_society"
account_602_26_001,,Employer's social security contributions FF,602.26.001,Expenses,,No,,l10n_mx.tag_debit_balance_account,"marin_data.company_lmmg,marin_data.company_lmmr,marin_data.company_society"
account_602_26_002,,Employer's social security contributions NF,602.26.002,Expenses,,No,,l10n_mx.tag_debit_balance_account,"marin_data.company_lmmg,marin_data.company_lmmr,marin_data.company_society"
account_602_27_001,,Contributions to INFONAVIT FF,602.27.001,Expenses,,No,,l10n_mx.tag_debit_balance_account,"marin_data.company_lmmg,marin_data.company_lmmr,marin_data.company_society"
account_602_30_001,,Other contributions FF,602.30.001,Expenses,,No,,l10n_mx.tag_debit_balance_account,"marin_data.company_lmmg,marin_data.company_lmmr,marin_data.company_society"
account_602_34_001,,Fees to individuals FF,602.34.001,Expenses,,No,,l10n_mx.tag_debit_balance_account,"marin_data.company_lmmg,marin_data.company_lmmr,marin_data.company_society"
account_602_34_002,,Fees to individuals NF,602.34.002,Expenses,,No,,l10n_mx.tag_debit_balance_account,"marin_data.company_lmmg,marin_data.company_lmmr,marin_data.company_society"
account_602_38_001,,Fees to legal entities FF,602.38.001,Expenses,,No,,l10n_mx.tag_debit_balance_account,"marin_data.company_lmmg,marin_data.company_lmmr,marin_data.company_society"
account_602_38_002,,Fees to legal entities NF,602.38.002,Expenses,,No,,l10n_mx.tag_debit_balance_account,"marin_data.company_lmmg,marin_data.company_lmmr,marin_data.company_society"
account_602_45_001,,Lease to individuals FF,602.45.001,Expenses,,No,,l10n_mx.tag_debit_balance_account,"marin_data.company_lmmg,marin_data.company_lmmr,marin_data.company_society"
account_602_45_002,,Lease to individuals NF,602.45.002,Expenses,,No,,l10n_mx.tag_debit_balance_account,"marin_data.company_lmmg,marin_data.company_lmmr,marin_data.company_society"
account_602_46_001,,Lease to legal entities FF,602.46.001,Expenses,,No,,l10n_mx.tag_debit_balance_account,"marin_data.company_lmmg,marin_data.company_lmmr,marin_data.company_society"
account_602_46_002,,Lease to legal entities NF,602.46.002,Expenses,,No,,l10n_mx.tag_debit_balance_account,"marin_data.company_lmmg,marin_data.company_lmmr,marin_data.company_society"
account_602_48_001,,Fuel and lubricants FF,602.48.001,Expenses,,No,,l10n_mx.tag_debit_balance_account,"marin_data.company_lmmg,marin_data.company_lmmr,marin_data.company_society"
account_602_48_002,,Fuel and lubricants NF,602.48.002,Expenses,,No,,l10n_mx.tag_debit_balance_account,"marin_data.company_lmmg,marin_data.company_lmmr,marin_data.company_society"
account_602_49_001,,Per diems and travel expenses FF,602.49.001,Expenses,,No,,l10n_mx.tag_debit_balance_account,"marin_data.company_lmmg,marin_data.company_lmmr,marin_data.company_society"
account_602_49_002,,Per diems and travel expenses NF,602.49.002,Expenses,,No,,l10n_mx.tag_debit_balance_account,"marin_data.company_lmmg,marin_data.company_lmmr,marin_data.company_society"
account_602_50_001,,"Telephone, internet FF",602.50.001,Expenses,,No,,l10n_mx.tag_debit_balance_account,"marin_data.company_lmmg,marin_data.company_lmmr,marin_data.company_society"
account_602_50_002,,"Telephone, internet NF",602.50.002,Expenses,,No,,l10n_mx.tag_debit_balance_account,"marin_data.company_lmmg,marin_data.company_lmmr,marin_data.company_society"
account_602_51_001,,Water FF,602.51.001,Expenses,,No,,l10n_mx.tag_debit_balance_account,"marin_data.company_lmmg,marin_data.company_lmmr,marin_data.company_society"
account_602_51_002,,Water NF,602.51.002,Expenses,,No,,l10n_mx.tag_debit_balance_account,"marin_data.company_lmmg,marin_data.company_lmmr,marin_data.company_society"
account_602_52_001,,Electric power FF,602.52.001,Expenses,,No,,l10n_mx.tag_debit_balance_account,"marin_data.company_lmmg,marin_data.company_lmmr,marin_data.company_society"
account_602_52_002,,Electric power NF,602.52.002,Expenses,,No,,l10n_mx.tag_debit_balance_account,"marin_data.company_lmmg,marin_data.company_lmmr,marin_data.company_society"
account_602_53_002,,Surveylance and security NF,602.53.002,Expenses,,No,,l10n_mx.tag_debit_balance_account,"marin_data.company_lmmg,marin_data.company_lmmr,marin_data.company_society"
account_602_54_001,,Cleaning articles and expenses FF,602.54.001,Expenses,,No,,l10n_mx.tag_debit_balance_account,"marin_data.company_lmmg,marin_data.company_lmmr,marin_data.company_society"
account_602_54_002,,Cleaning articles and expenses NF,602.54.002,Expenses,,No,,l10n_mx.tag_debit_balance_account,"marin_data.company_lmmg,marin_data.company_lmmr,marin_data.company_society"
account_602_56_001,,Maintenance and conservation FF,602.56.001,Expenses,,No,,l10n_mx.tag_debit_balance_account,"marin_data.company_lmmg,marin_data.company_lmmr,marin_data.company_society"
account_602_56_002,,Maintenance and conservation NF,602.56.002,Expenses,,No,,l10n_mx.tag_debit_balance_account,"marin_data.company_lmmg,marin_data.company_lmmr,marin_data.company_society"
account_602_57_001,,Insurance and bonds FF,602.57.001,Expenses,,No,,l10n_mx.tag_debit_balance_account,"marin_data.company_lmmg,marin_data.company_lmmr,marin_data.company_society"
account_602_58_002,,Other taxes and duties NF,602.58.002,Expenses,,No,,l10n_mx.tag_debit_balance_account,"marin_data.company_lmmg,marin_data.company_lmmr,marin_data.company_society"
account_602_61_001,,"Promotion, advertising and publicity FF",602.61.001,Expenses,,No,,l10n_mx.tag_debit_balance_account,"marin_data.company_lmmg,marin_data.company_lmmr,marin_data.company_society"
account_602_61_002,,"Promotion, advertising and publicity NF",602.61.002,Expenses,,No,,l10n_mx.tag_debit_balance_account,"marin_data.company_lmmg,marin_data.company_lmmr,marin_data.company_society"
account_602_61_003,,Convention FF,602.61.003,Expenses,,No,,l10n_mx.tag_debit_balance_account,"marin_data.company_lmmg,marin_data.company_lmmr,marin_data.company_society"
account_602_62_001,,Employee training FF,602.62.001,Expenses,,No,,l10n_mx.tag_debit_balance_account,"marin_data.company_lmmg,marin_data.company_lmmr,marin_data.company_society"
account_602_62_002,,Employee training NF,602.62.002,Expenses,,No,,l10n_mx.tag_debit_balance_account,"marin_data.company_lmmg,marin_data.company_lmmr,marin_data.company_society"
account_602_72_001,,Freight and haulage FF,602.72.001,Expenses,,No,,l10n_mx.tag_debit_balance_account,"marin_data.company_lmmg,marin_data.company_lmmr,marin_data.company_society"
account_602_72_002,,Freight and haulage NF,602.72.002,Expenses,,No,,l10n_mx.tag_debit_balance_account,"marin_data.company_lmmg,marin_data.company_lmmr,marin_data.company_society"
account_602_74_001,,Sales commissions FF,602.74.001,Expenses,,No,,l10n_mx.tag_debit_balance_account,"marin_data.company_lmmg,marin_data.company_lmmr,marin_data.company_society"
account_602_74_002,,Sales commissions NF,602.74.002,Expenses,,No,,l10n_mx.tag_debit_balance_account,"marin_data.company_lmmg,marin_data.company_lmmr,marin_data.company_society"
account_602_77_001,,Uniforms FF,602.77.001,Expenses,,No,,l10n_mx.tag_debit_balance_account,"marin_data.company_lmmg,marin_data.company_lmmr,marin_data.company_society"
account_602_77_002,,Uniforms NF,602.77.002,Expenses,,No,,l10n_mx.tag_debit_balance_account,"marin_data.company_lmmg,marin_data.company_lmmr,marin_data.company_society"
account_602_78_001,,Property taxes FF,602.78.001,Expenses,,No,,l10n_mx.tag_debit_balance_account,"marin_data.company_lmmg,marin_data.company_lmmr,marin_data.company_society"
account_602_78_002,,Property taxes NF,602.78.002,Expenses,,No,,l10n_mx.tag_debit_balance_account,"marin_data.company_lmmg,marin_data.company_lmmr,marin_data.company_society"
account_602_80_001,,Construction expenses FF,602.80.001,Expenses,,No,,l10n_mx.tag_debit_balance_account,"marin_data.company_lmmg,marin_data.company_lmmr,marin_data.company_society"
account_602_80_002,,Construction expenses NF,602.80.002,Expenses,,No,,l10n_mx.tag_debit_balance_account,"marin_data.company_lmmg,marin_data.company_lmmr,marin_data.company_society"
account_602_83_001,,Non-deductible expenses - without fiscal requirements,602.83.001,Expenses,,No,,l10n_mx.tag_debit_balance_account,"marin_data.company_lmmg,marin_data.company_lmmr,marin_data.company_society"
account_602_83_002,,Non-deductible expenses - Fuel and lubricants,602.83.002,Expenses,,No,,l10n_mx.tag_debit_balance_account,"marin_data.company_lmmg,marin_data.company_lmmr,marin_data.company_society"
account_602_83_003,,Non-deductible expenses - Bank commissions,602.83.003,Expenses,,No,,l10n_mx.tag_debit_balance_account,"marin_data.company_lmmg,marin_data.company_lmmr,marin_data.company_society"
account_602_83_004,,Non-deductible expenses - Per diem and travel expenses,602.83.004,Expenses,,No,,l10n_mx.tag_debit_balance_account,"marin_data.company_lmmg,marin_data.company_lmmr,marin_data.company_society"
account_602_83_005,,Non-deductible expenses - Maintenance and conservation,602.83.005,Expenses,,No,,l10n_mx.tag_debit_balance_account,"marin_data.company_lmmg,marin_data.company_lmmr,marin_data.company_society"
account_602_83_007,,Non-deductible expenses - non-deductible VAT,602.83.007,Expenses,,No,,l10n_mx.tag_debit_balance_account,"marin_data.company_lmmg,marin_data.company_lmmr,marin_data.company_society"
account_602_83_008,,Non-deductible expenses - Freight and haulage,602.83.008,Expenses,,No,,l10n_mx.tag_debit_balance_account,"marin_data.company_lmmg,marin_data.company_lmmr,marin_data.company_society"
account_602_84_001,,Other sales expenses FF,602.84.001,Expenses,,No,,l10n_mx.tag_debit_balance_account,"marin_data.company_lmmg,marin_data.company_lmmr,marin_data.company_society"
account_602_84_002,,Other sales expenses NF,602.84.002,Expenses,,No,,l10n_mx.tag_debit_balance_account,"marin_data.company_lmmg,marin_data.company_lmmr,marin_data.company_society"
account_602_84_003,,Uncollectible debts LMMR FF,602.84.003,Expenses,,No,,l10n_mx.tag_debit_balance_account,"marin_data.company_lmmg,marin_data.company_lmmr,marin_data.company_society"
account_602_84_004,,Uncollectible debts LMMR NF,602.84.004,Expenses,,No,,l10n_mx.tag_debit_balance_account,"marin_data.company_lmmg,marin_data.company_lmmr,marin_data.company_society"
account_602_84_005,,Uncollectible debts LMMG FF,602.84.005,Expenses,,No,,l10n_mx.tag_debit_balance_account,"marin_data.company_lmmg,marin_data.company_lmmr,marin_data.company_society"
account_602_84_006,,Uncollectible debts LMMG NF,602.84.006,Expenses,,No,,l10n_mx.tag_debit_balance_account,"marin_data.company_lmmg,marin_data.company_lmmr,marin_data.company_society"
account_602_84_007,,Uncollectible debts GLMM FF,602.84.007,Expenses,,No,,l10n_mx.tag_debit_balance_account,"marin_data.company_lmmg,marin_data.company_lmmr,marin_data.company_society"
account_602_84_008,,Uncollectible debts GLMM NF,602.84.008,Expenses,,No,,l10n_mx.tag_debit_balance_account,"marin_data.company_lmmg,marin_data.company_lmmr,marin_data.company_society"
account_602_84_009,,Uncollectible debts EAOS NF,602.84.009,Expenses,,No,,l10n_mx.tag_debit_balance_account,"marin_data.company_lmmg,marin_data.company_lmmr,marin_data.company_society"
account_603_01_001,,Wages and salaries FF,603.01.001,Expenses,,No,,l10n_mx.tag_debit_balance_account,"marin_data.company_lmmg,marin_data.company_lmmr,marin_data.company_society"
account_603_01_002,,Wages and salaries NF,603.01.002,Expenses,,No,,l10n_mx.tag_debit_balance_account,"marin_data.company_lmmg,marin_data.company_lmmr,marin_data.company_society"
account_603_02_001,,Compensations - Payments made in excess to the worker FF,603.02.001,Expenses,,No,,l10n_mx.tag_debit_balance_account,"marin_data.company_lmmg,marin_data.company_lmmr,marin_data.company_society"
account_603_02_002,,Compensations - Payments made in excess to the worker NF,603.02.002,Expenses,,No,,l10n_mx.tag_debit_balance_account,"marin_data.company_lmmg,marin_data.company_lmmr,marin_data.company_society"
account_603_06_001,,Vacations FF,603.06.001,Expenses,,No,,l10n_mx.tag_debit_balance_account,"marin_data.company_lmmg,marin_data.company_lmmr,marin_data.company_society"
account_603_06_002,,Vacations NF,603.06.002,Expenses,,No,,l10n_mx.tag_debit_balance_account,"marin_data.company_lmmg,marin_data.company_lmmr,marin_data.company_society"
account_603_07_001,,Vacation bonus FF,603.07.001,Expenses,,No,,l10n_mx.tag_debit_balance_account,"marin_data.company_lmmg,marin_data.company_lmmr,marin_data.company_society"
account_603_07_002,,Vacation bonus NF,603.07.002,Expenses,,No,,l10n_mx.tag_debit_balance_account,"marin_data.company_lmmg,marin_data.company_lmmr,marin_data.company_society"
account_603_10_002,,Gratifications NF,603.10.002,Expenses,,No,,l10n_mx.tag_debit_balance_account,"marin_data.company_lmmg,marin_data.company_lmmr,marin_data.company_society"
account_603_12_001,,Christmas bonus FF,603.12.001,Expenses,,No,,l10n_mx.tag_debit_balance_account,"marin_data.company_lmmg,marin_data.company_lmmr,marin_data.company_society"
account_603_12_002,,Christmas bonus NF,603.12.002,Expenses,,No,,l10n_mx.tag_debit_balance_account,"marin_data.company_lmmg,marin_data.company_lmmr,marin_data.company_society"
account_603_15_001,,Employee pantry FF,603.15.001,Expenses,,No,,l10n_mx.tag_debit_balance_account,"marin_data.company_lmmg,marin_data.company_lmmr,marin_data.company_society"
account_603_15_002,,Employee pantry NF,603.15.002,Expenses,,No,,l10n_mx.tag_debit_balance_account,"marin_data.company_lmmg,marin_data.company_lmmr,marin_data.company_society"
account_603_16_001,,Transportation FF,603.16.001,Expenses,,No,,l10n_mx.tag_debit_balance_account,"marin_data.company_lmmg,marin_data.company_lmmr,marin_data.company_society"
account_603_16_002,,Transportation NF,603.16.002,Expenses,,No,,l10n_mx.tag_debit_balance_account,"marin_data.company_lmmg,marin_data.company_lmmr,marin_data.company_society"
account_603_17_001,,Medical services FF,603.17.001,Expenses,,No,,l10n_mx.tag_debit_balance_account,"marin_data.company_lmmg,marin_data.company_lmmr,marin_data.company_society"
account_603_17_002,,Medical services NF,603.17.002,Expenses,,No,,l10n_mx.tag_debit_balance_account,"marin_data.company_lmmg,marin_data.company_lmmr,marin_data.company_society"
account_603_19_002,,Savings fund NF,603.19.002,Expenses,,No,,l10n_mx.tag_debit_balance_account,"marin_data.company_lmmg,marin_data.company_lmmr,marin_data.company_society"
account_603_22_001,,Workteam meals FF,603.22.001,Expenses,,No,,l10n_mx.tag_debit_balance_account,"marin_data.company_lmmg,marin_data.company_lmmr,marin_data.company_society"
account_603_22_002,,Workteam meals NF,603.22.002,Expenses,,No,,l10n_mx.tag_debit_balance_account,"marin_data.company_lmmg,marin_data.company_lmmr,marin_data.company_society"
account_603_25_001,,Other employee benefits FF,603.25.001,Expenses,,No,,l10n_mx.tag_debit_balance_account,"marin_data.company_lmmg,marin_data.company_lmmr,marin_data.company_society"
account_603_25_002,,Other employee benefits NF,603.25.002,Expenses,,No,,l10n_mx.tag_debit_balance_account,"marin_data.company_lmmg,marin_data.company_lmmr,marin_data.company_society"
account_603_26_001,,Employer's social security contributions FF,603.26.001,Expenses,,No,,l10n_mx.tag_debit_balance_account,"marin_data.company_lmmg,marin_data.company_lmmr,marin_data.company_society"
account_603_26_002,,Employer's social security contributions NF,603.26.002,Expenses,,No,,l10n_mx.tag_debit_balance_account,"marin_data.company_lmmg,marin_data.company_lmmr,marin_data.company_society"
account_603_27_001,,Contributions to INFONAVIT FF,603.27.001,Expenses,,No,,l10n_mx.tag_debit_balance_account,"marin_data.company_lmmg,marin_data.company_lmmr,marin_data.company_society"
account_603_30_001,,Other contributions FF,603.30.001,Expenses,,No,,l10n_mx.tag_debit_balance_account,"marin_data.company_lmmg,marin_data.company_lmmr,marin_data.company_society"
account_603_32_001,,Administrative services FF,603.32.001,Expenses,,No,,l10n_mx.tag_debit_balance_account,"marin_data.company_lmmg,marin_data.company_lmmr,marin_data.company_society"
account_603_32_002,,Administrative services NF,603.32.002,Expenses,,No,,l10n_mx.tag_debit_balance_account,"marin_data.company_lmmg,marin_data.company_lmmr,marin_data.company_society"
account_603_34_001,,Fees to individuals FF,603.34.001,Expenses,,No,,l10n_mx.tag_debit_balance_account,"marin_data.company_lmmg,marin_data.company_lmmr,marin_data.company_society"
account_603_34_002,,Fees to individuals NF,603.34.002,Expenses,,No,,l10n_mx.tag_debit_balance_account,"marin_data.company_lmmg,marin_data.company_lmmr,marin_data.company_society"
account_603_38_001,,Fees to legal entities FF,603.38.001,Expenses,,No,,l10n_mx.tag_debit_balance_account,"marin_data.company_lmmg,marin_data.company_lmmr,marin_data.company_society"
account_603_38_002,,Fees to legal entities NF,603.38.002,Expenses,,No,,l10n_mx.tag_debit_balance_account,"marin_data.company_lmmg,marin_data.company_lmmr,marin_data.company_society"
account_603_45_001,,Lease to individuals FF,603.45.001,Expenses,,No,,l10n_mx.tag_debit_balance_account,"marin_data.company_lmmg,marin_data.company_lmmr,marin_data.company_society"
account_603_45_002,,Lease to individuals NF,603.45.002,Expenses,,No,,l10n_mx.tag_debit_balance_account,"marin_data.company_lmmg,marin_data.company_lmmr,marin_data.company_society"
account_603_48_001,,Fuel and lubricants FF,603.48.001,Expenses,,No,,l10n_mx.tag_debit_balance_account,"marin_data.company_lmmg,marin_data.company_lmmr,marin_data.company_society"
account_603_48_002,,Fuel and lubricants NF,603.48.002,Expenses,,No,,l10n_mx.tag_debit_balance_account,"marin_data.company_lmmg,marin_data.company_lmmr,marin_data.company_society"
account_603_49_001,,Per diems and travel expenses FF,603.49.001,Expenses,,No,,l10n_mx.tag_debit_balance_account,"marin_data.company_lmmg,marin_data.company_lmmr,marin_data.company_society"
account_603_49_002,,Per diems and travel expenses NF,603.49.002,Expenses,,No,,l10n_mx.tag_debit_balance_account,"marin_data.company_lmmg,marin_data.company_lmmr,marin_data.company_society"
account_603_50_001,,"Telephone, internet FF",603.50.001,Expenses,,No,,l10n_mx.tag_debit_balance_account,"marin_data.company_lmmg,marin_data.company_lmmr,marin_data.company_society"
account_603_50_002,,"Telephone, internet NF",603.50.002,Expenses,,No,,l10n_mx.tag_debit_balance_account,"marin_data.company_lmmg,marin_data.company_lmmr,marin_data.company_society"
account_603_51_001,,Water FF,603.51.001,Expenses,,No,,l10n_mx.tag_debit_balance_account,"marin_data.company_lmmg,marin_data.company_lmmr,marin_data.company_society"
account_603_51_002,,Water NF,603.51.002,Expenses,,No,,l10n_mx.tag_debit_balance_account,"marin_data.company_lmmg,marin_data.company_lmmr,marin_data.company_society"
account_603_52_001,,Electric power FF,603.52.001,Expenses,,No,,l10n_mx.tag_debit_balance_account,"marin_data.company_lmmg,marin_data.company_lmmr,marin_data.company_society"
account_603_52_002,,Electric power NF,603.52.002,Expenses,,No,,l10n_mx.tag_debit_balance_account,"marin_data.company_lmmg,marin_data.company_lmmr,marin_data.company_society"
account_603_53_002,,Surveylance and security NF,603.53.002,Expenses,,No,,l10n_mx.tag_debit_balance_account,"marin_data.company_lmmg,marin_data.company_lmmr,marin_data.company_society"
account_603_54_001,,Cleaning articles and expenses FF,603.54.001,Expenses,,No,,l10n_mx.tag_debit_balance_account,"marin_data.company_lmmg,marin_data.company_lmmr,marin_data.company_society"
account_603_54_002,,Cleaning articles and expenses NF,603.54.002,Expenses,,No,,l10n_mx.tag_debit_balance_account,"marin_data.company_lmmg,marin_data.company_lmmr,marin_data.company_society"
account_603_55_001,,Office supplies and stationery FF,603.55.001,Expenses,,No,,l10n_mx.tag_debit_balance_account,"marin_data.company_lmmg,marin_data.company_lmmr,marin_data.company_society"
account_603_55_002,,Office supplies and stationery NF,603.55.002,Expenses,,No,,l10n_mx.tag_debit_balance_account,"marin_data.company_lmmg,marin_data.company_lmmr,marin_data.company_society"
account_603_56_001,,Maintenance and conservation FF,603.56.001,Expenses,,No,,l10n_mx.tag_debit_balance_account,"marin_data.company_lmmg,marin_data.company_lmmr,marin_data.company_society"
account_603_56_002,,Maintenance and conservation NF,603.56.002,Expenses,,No,,l10n_mx.tag_debit_balance_account,"marin_data.company_lmmg,marin_data.company_lmmr,marin_data.company_society"
account_603_57_001,,Insurance and bonds FF,603.57.001,Expenses,,No,,l10n_mx.tag_debit_balance_account,"marin_data.company_lmmg,marin_data.company_lmmr,marin_data.company_society"
account_603_58_001,,Other taxes and duties FF,603.58.001,Expenses,,No,,l10n_mx.tag_debit_balance_account,"marin_data.company_lmmg,marin_data.company_lmmr,marin_data.company_society"
account_603_58_002,,Other taxes and duties NF,603.58.002,Expenses,,No,,l10n_mx.tag_debit_balance_account,"marin_data.company_lmmg,marin_data.company_lmmr,marin_data.company_society"
account_603_59_001,,Tax penalties FF,603.59.001,Expenses,,No,,l10n_mx.tag_debit_balance_account,"marin_data.company_lmmg,marin_data.company_lmmr,marin_data.company_society"
account_603_61_001,,"Promotion, advertising and publicity FF",603.61.001,Expenses,,No,,l10n_mx.tag_debit_balance_account,"marin_data.company_lmmg,marin_data.company_lmmr,marin_data.company_society"
account_603_61_002,,"Promotion, advertising and publicity NF",603.61.002,Expenses,,No,,l10n_mx.tag_debit_balance_account,"marin_data.company_lmmg,marin_data.company_lmmr,marin_data.company_society"
account_603_61_003,,Convention FF,603.61.003,Expenses,,No,,l10n_mx.tag_debit_balance_account,"marin_data.company_lmmg,marin_data.company_lmmr,marin_data.company_society"
account_603_62_001,,Employee training FF,603.62.001,Expenses,,No,,l10n_mx.tag_debit_balance_account,"marin_data.company_lmmg,marin_data.company_lmmr,marin_data.company_society"
account_603_62_002,,Employee training NF,603.62.002,Expenses,,No,,l10n_mx.tag_debit_balance_account,"marin_data.company_lmmg,marin_data.company_lmmr,marin_data.company_society"
account_603_75_001,,Uniforms FF,603.75.001,Expenses,,No,,l10n_mx.tag_debit_balance_account,"marin_data.company_lmmg,marin_data.company_lmmr,marin_data.company_society"
account_603_75_002,,Uniforms NF,603.75.002,Expenses,,No,,l10n_mx.tag_debit_balance_account,"marin_data.company_lmmg,marin_data.company_lmmr,marin_data.company_society"
account_603_76_001,,Property taxes FF,603.76.001,Expenses,,No,,l10n_mx.tag_debit_balance_account,"marin_data.company_lmmg,marin_data.company_lmmr,marin_data.company_society"
account_603_76_002,,Property taxes NF,603.76.002,Expenses,,No,,l10n_mx.tag_debit_balance_account,"marin_data.company_lmmg,marin_data.company_lmmr,marin_data.company_society"
account_603_82_002,,Other administration expenses NF,603.82.002,Expenses,,No,,l10n_mx.tag_debit_balance_account,"marin_data.company_lmmg,marin_data.company_lmmr,marin_data.company_society"
account_603_83_006,,Non-deductible expenses - Administrative services,603.83.006,Expenses,,No,,l10n_mx.tag_debit_balance_account,"marin_data.company_lmmg,marin_data.company_lmmr,marin_data.company_society"
account_603_83_008,,Non-deductible expenses - Actualizaciones,603.83.008,Expenses,,No,,l10n_mx.tag_debit_balance_account,"marin_data.company_lmmg,marin_data.company_lmmr,marin_data.company_society"
account_611_01_001,,Income tax (ISR),611.01.001,Expenses,,No,,l10n_mx.tag_debit_balance_account,"marin_data.company_lmmg,marin_data.company_lmmr,marin_data.company_society"
account_701_01_001,,Currency exchange loss,701.01.001,Expenses,,No,,l10n_mx.tag_debit_balance_account,"marin_data.company_lmmg,marin_data.company_lmmr,marin_data.company_society"
account_701_04_001,,Interest expense to domestic bank FF,701.04.001,Expenses,,No,,l10n_mx.tag_debit_balance_account,"marin_data.company_lmmg,marin_data.company_lmmr,marin_data.company_society"
account_701_08_001,,Interest expense to domestic legal entities FF,701.08.001,Expenses,,No,,l10n_mx.tag_debit_balance_account,"marin_data.company_lmmg,marin_data.company_lmmr,marin_data.company_society"
account_701_10_001,,Bank commissions FF,701.10.001,Expenses,,No,,l10n_mx.tag_debit_balance_account,"marin_data.company_lmmg,marin_data.company_lmmr,marin_data.company_society"
account_702_01_001,,Currency exchange gain,702.01.001,Other Income,,No,,l10n_mx.tag_credit_balance_account,"marin_data.company_lmmg,marin_data.company_lmmr,marin_data.company_society"
account_703_21_001,,Other expenses FF,703.21.001,Expenses,,No,,l10n_mx.tag_debit_balance_account,"marin_data.company_lmmg,marin_data.company_lmmr,marin_data.company_society"
account_703_21_002,,Loss due to cash discrepancy,703.21.002,Expenses,,No,,l10n_mx.tag_debit_balance_account,"marin_data.company_lmmg,marin_data.company_lmmr,marin_data.company_society"
account_703_21_003,,Loss from cash discounts,703.21.003,Expenses,,No,,l10n_mx.tag_debit_balance_account,"marin_data.company_lmmg,marin_data.company_lmmr,marin_data.company_society"
account_704_01_001,,Gain on sale and/or disposal of lands FF,704.01.001,Other Income,,No,,l10n_mx.tag_credit_balance_account,"marin_data.company_lmmg,marin_data.company_lmmr,marin_data.company_society"
account_704_03_001,,Gain on sale and/or disposal of machinery and equipment FF,704.03.001,Other Income,,No,,l10n_mx.tag_credit_balance_account,"marin_data.company_lmmg,marin_data.company_lmmr,marin_data.company_society"
account_704_04_001,,"Gain on sale and/or disposal of automobiles, buses, trucks, forklifts or trailers FF",704.04.001,Other Income,,No,,l10n_mx.tag_credit_balance_account,"marin_data.company_lmmg,marin_data.company_lmmr,marin_data.company_society"
account_704_04_002,,"Gain on sale and/or disposal of automobiles, buses, trucks, forklifts or trailers NF",704.04.002,Other Income,,No,,l10n_mx.tag_credit_balance_account,"marin_data.company_lmmg,marin_data.company_lmmr,marin_data.company_society"
account_704_22_001,,Gain from cash discounts,704.22.001,Other Income,,No,,l10n_mx.tag_credit_balance_account,"marin_data.company_lmmg,marin_data.company_lmmr,marin_data.company_society"
account_704_23_001,,Other products FF,704.23.001,Other Income,,No,,l10n_mx.tag_credit_balance_account,"marin_data.company_lmmg,marin_data.company_lmmr,marin_data.company_society"
account_704_23_002,,Gain from cash discrepancy,704.23.002,Other Income,,No,,l10n_mx.tag_credit_balance_account,"marin_data.company_lmmg,marin_data.company_lmmr,marin_data.company_society"
account_704_23_003,,Indemnities FF,704.23.003,Other Income,,No,,l10n_mx.tag_credit_balance_account,"marin_data.company_lmmg,marin_data.company_lmmr,marin_data.company_society"
account_899_01_099,,Cash flow basis for taxation,899.01.099,Expenses,,No,,l10n_mx.tag_debit_balance_account,"marin_data.company_lmmg,marin_data.company_lmmr,marin_data.company_society"
